rsID,TF,TF_change,TF_K562_rna_tpm,TargetGene,ABC.Score,ABC.Score.FP,distance,foodie_id
DRAGEN:chr11:3379262:G:GC,EGR1,Create,3.02693,ZNF195,1.0,0.26830673733875804,37.5,chr11:3379254-3379274
DRAGEN:chr11:3379262:G:GC,EGR2,Create,0.0,ZNF195,1.0,0.26830673733875804,37.5,chr11:3379254-3379274
DRAGEN:chr11:3379262:G:GC,EGR3,Create,0.0614957,ZNF195,1.0,0.26830673733875804,37.5,chr11:3379254-3379274
DRAGEN:chr11:3379262:G:GC,EGR4,Create,0.0,ZNF195,1.0,0.26830673733875804,37.5,chr11:3379254-3379274
DRAGEN:chr11:3379262:G:GC,KLF11,Create,1.3376,ZNF195,1.0,0.26830673733875804,37.5,chr11:3379254-3379274
DRAGEN:chr11:3379262:G:GC,KLF16,Decrease,3.31925,ZNF195,1.0,0.26830673733875804,37.5,chr11:3379254-3379274
DRAGEN:chr11:3379262:G:GC,KLF5,Disrupt,0.127742,ZNF195,1.0,0.26830673733875804,37.5,chr11:3379254-3379274
DRAGEN:chr11:3379262:G:GC,KLF9,Disrupt,2.00881,ZNF195,1.0,0.26830673733875804,37.5,chr11:3379254-3379274
DRAGEN:chr11:3379262:G:GC,PATZ1,Disrupt,0.652006,ZNF195,1.0,0.26830673733875804,37.5,chr11:3379254-3379274
DRAGEN:chr11:3379262:G:GC,PRDM9,Create,0.0896177,ZNF195,1.0,0.26830673733875804,37.5,chr11:3379254-3379274
DRAGEN:chr11:3379262:G:GC,SP3,Decrease,18.5862,ZNF195,1.0,0.26830673733875804,37.5,chr11:3379254-3379274
DRAGEN:chr11:3379262:G:GC,SP9,Create,0.0183873,ZNF195,1.0,0.26830673733875804,37.5,chr11:3379254-3379274
DRAGEN:chr11:3379262:G:GC,WT1,Create,2.08356,ZNF195,1.0,0.26830673733875804,37.5,chr11:3379254-3379274
DRAGEN:chr11:3379262:G:GC,ZBED4,Disrupt,1.83334,ZNF195,1.0,0.26830673733875804,37.5,chr11:3379254-3379274
DRAGEN:chr11:3379262:G:GC,ZNF460,Create,3.65061,ZNF195,1.0,0.26830673733875804,37.5,chr11:3379254-3379274
DRAGEN:chr11:3379262:G:GC,ZSCAN31,Create,0.664985,ZNF195,1.0,0.26830673733875804,37.5,chr11:3379254-3379274
DRAGEN:chr14:63543502:G:A,E2F1,Create,4.50532,PPP2R5E,1.0,0.695763953612869,113.5,chr14:63543473-63543503
DRAGEN:chr14:63543502:G:A,E2F7,Create,0.747111,PPP2R5E,1.0,0.695763953612869,113.5,chr14:63543473-63543503
DRAGEN:chr14:63543502:G:A,E2F8,Create,1.40845,PPP2R5E,1.0,0.695763953612869,113.5,chr14:63543473-63543503
DRAGEN:chr14:63543502:G:A,ZIC5,Disrupt,0.370568,PPP2R5E,1.0,0.695763953612869,113.5,chr14:63543473-63543503
DRAGEN:chr14:63543502:G:A,ZNF93,Disrupt,1.47795,PPP2R5E,1.0,0.695763953612869,113.5,chr14:63543473-63543503
DRAGEN:chr16:145021:C:T,EWSR1-FLI1,Create,,HBZ,0.054921,0.07412182475831754,7786.5,chr16:145010-145040
DRAGEN:chr16:145021:C:T,HNF4A,Increase,0.0413984,HBZ,0.054921,0.07412182475831754,7786.5,chr16:145010-145040
DRAGEN:chr16:145021:C:T,HNF4G,Create,0.201398,HBZ,0.054921,0.07412182475831754,7786.5,chr16:145010-145040
DRAGEN:chr16:145021:C:T,NR1H2::RXRA,Create,9.22352,HBZ,0.054921,0.07412182475831754,7786.5,chr16:145010-145040
DRAGEN:chr16:145021:C:T,NR2C2,Increase,1.43525,HBZ,0.054921,0.07412182475831754,7786.5,chr16:145010-145040
DRAGEN:chr16:145021:C:T,NR2F1,Create,0.0,HBZ,0.054921,0.07412182475831754,7786.5,chr16:145010-145040
DRAGEN:chr16:145021:C:T,NR2F6,Increase,22.1709,HBZ,0.054921,0.07412182475831754,7786.5,chr16:145010-145040
DRAGEN:chr16:145021:C:T,NR4A1,Create,0.133871,HBZ,0.054921,0.07412182475831754,7786.5,chr16:145010-145040
DRAGEN:chr16:145021:C:T,PPARD,Create,0.807918,HBZ,0.054921,0.07412182475831754,7786.5,chr16:145010-145040
DRAGEN:chr16:145021:C:T,PPARG::RXRA,Increase,2.03368,HBZ,0.054921,0.07412182475831754,7786.5,chr16:145010-145040
DRAGEN:chr16:145021:C:T,RXRA,Increase,2.03368,HBZ,0.054921,0.07412182475831754,7786.5,chr16:145010-145040
DRAGEN:chr16:145021:C:T,RXRB,Create,2.04346,HBZ,0.054921,0.07412182475831754,7786.5,chr16:145010-145040
DRAGEN:chr16:145021:C:T,RXRG,Create,0.0,HBZ,0.054921,0.07412182475831754,7786.5,chr16:145010-145040
DRAGEN:chr16:156415:T:C,ESRRG,Disrupt,0.00969414,HBZ,0.139408,0.15531628692988989,3319.0,chr16:156401-156424
DRAGEN:chr16:156415:T:C,FEZF2,Create,0.0808659,HBZ,0.139408,0.15531628692988989,3319.0,chr16:156401-156424
DRAGEN:chr16:156415:T:C,PPARA::RXRA,Disrupt,2.03368,HBZ,0.139408,0.15531628692988989,3319.0,chr16:156401-156424
DRAGEN:chr16:156415:T:C,THAP1,Disrupt,1.58562,HBZ,0.139408,0.15531628692988989,3319.0,chr16:156401-156424
DRAGEN:chr16:156415:T:C,ZBTB6,Disrupt,0.706646,HBZ,0.139408,0.15531628692988989,3319.0,chr16:156401-156424
DRAGEN:chr16:156520:C:T,PITX2,Increase,0.0,HBZ,0.139408,0.15531628692988989,3319.0,chr16:156519-156549
DRAGEN:chr16:173004:AGAGGT:A,RARA,Disrupt,1.41108,HBA2,1.0,0.0406377949643655,236.0,chr16:172995-173014
DRAGEN:chr16:173004:AGAGGT:A,ZKSCAN5,Disrupt,0.984815,HBA2,1.0,0.0406377949643655,236.0,chr16:172995-173014
DRAGEN:chr16:180725:G:C,EGR3,Create,0.0614957,HBQ1,1.0,0.4438189463513685,123.0,chr16:180724-180738
DRAGEN:chr16:180725:G:C,KLF11,Create,1.3376,HBQ1,1.0,0.4438189463513685,123.0,chr16:180724-180738
DRAGEN:chr16:180725:G:C,KLF12,Create,0.00960881,HBQ1,1.0,0.4438189463513685,123.0,chr16:180724-180738
DRAGEN:chr16:180725:G:C,KLF16,Create,3.31925,HBQ1,1.0,0.4438189463513685,123.0,chr16:180724-180738
DRAGEN:chr16:180725:G:C,PATZ1,Create,0.652006,HBQ1,1.0,0.4438189463513685,123.0,chr16:180724-180738
DRAGEN:chr16:180725:G:C,SP2,Create,1.69215,HBQ1,1.0,0.4438189463513685,123.0,chr16:180724-180738
DRAGEN:chr16:180725:G:C,SP3,Create,18.5862,HBQ1,1.0,0.4438189463513685,123.0,chr16:180724-180738
DRAGEN:chr16:180725:G:C,SP8,Create,1.06177,HBQ1,1.0,0.4438189463513685,123.0,chr16:180724-180738
DRAGEN:chr16:180725:G:C,SP9,Create,0.0183873,HBQ1,1.0,0.4438189463513685,123.0,chr16:180724-180738
DRAGEN:chr16:180725:G:C,ZNF148,Create,1.92197,HBQ1,1.0,0.4438189463513685,123.0,chr16:180724-180738
DRAGEN:chr16:180725:G:C,ZNF257,Create,1.26307,HBQ1,1.0,0.4438189463513685,123.0,chr16:180724-180738
DRAGEN:chr16:180725:G:C,ZNF281,Create,2.25542,HBQ1,1.0,0.4438189463513685,123.0,chr16:180724-180738
DRAGEN:chr16:180725:G:C,ZNF460,Create,3.65061,HBQ1,1.0,0.4438189463513685,123.0,chr16:180724-180738
DRAGEN:chr16:234778:C:G,EGR1,Disrupt,3.02693,FAM234A,1.0,0.17153513602887663,113.0,chr16:234776-234784
DRAGEN:chr16:234778:C:G,EGR2,Disrupt,0.0,FAM234A,1.0,0.17153513602887663,113.0,chr16:234776-234784
DRAGEN:chr16:234778:C:G,EGR3,Disrupt,0.0614957,FAM234A,1.0,0.17153513602887663,113.0,chr16:234776-234784
DRAGEN:chr16:234778:C:G,EGR4,Disrupt,0.0,FAM234A,1.0,0.17153513602887663,113.0,chr16:234776-234784
DRAGEN:chr16:234778:C:G,ELK1,Create,4.83544,FAM234A,1.0,0.17153513602887663,113.0,chr16:234776-234784
DRAGEN:chr16:234778:C:G,ELK3,Create,0.462566,FAM234A,1.0,0.17153513602887663,113.0,chr16:234776-234784
DRAGEN:chr16:234778:C:G,ELK4,Increase,1.19937,FAM234A,1.0,0.17153513602887663,113.0,chr16:234776-234784
DRAGEN:chr16:234778:C:G,ERF,Create,3.73392,FAM234A,1.0,0.17153513602887663,113.0,chr16:234776-234784
DRAGEN:chr16:234778:C:G,ETS1,Create,0.0249582,FAM234A,1.0,0.17153513602887663,113.0,chr16:234776-234784
DRAGEN:chr16:234778:C:G,ETS2,Create,2.64453,FAM234A,1.0,0.17153513602887663,113.0,chr16:234776-234784
DRAGEN:chr16:234778:C:G,ETV2,Create,0.564438,FAM234A,1.0,0.17153513602887663,113.0,chr16:234776-234784
DRAGEN:chr16:234778:C:G,ETV3,Create,0.850974,FAM234A,1.0,0.17153513602887663,113.0,chr16:234776-234784
DRAGEN:chr16:234778:C:G,ETV4,Create,7.94611,FAM234A,1.0,0.17153513602887663,113.0,chr16:234776-234784
DRAGEN:chr16:234778:C:G,ETV5,Create,3.42673,FAM234A,1.0,0.17153513602887663,113.0,chr16:234776-234784
DRAGEN:chr16:234778:C:G,ETV6,Decrease,1.0352,FAM234A,1.0,0.17153513602887663,113.0,chr16:234776-234784
DRAGEN:chr16:234778:C:G,ETV7,Decrease,0.0,FAM234A,1.0,0.17153513602887663,113.0,chr16:234776-234784
DRAGEN:chr16:234778:C:G,FEV,Create,0.0991848,FAM234A,1.0,0.17153513602887663,113.0,chr16:234776-234784
DRAGEN:chr16:234778:C:G,FLI1,Create,0.136093,FAM234A,1.0,0.17153513602887663,113.0,chr16:234776-234784
DRAGEN:chr16:234778:C:G,KLF14,Disrupt,0.0,FAM234A,1.0,0.17153513602887663,113.0,chr16:234776-234784
DRAGEN:chr16:234778:C:G,KLF16,Create,3.31925,FAM234A,1.0,0.17153513602887663,113.0,chr16:234776-234784
DRAGEN:chr16:234778:C:G,KLF3,Create,2.57897,FAM234A,1.0,0.17153513602887663,113.0,chr16:234776-234784
DRAGEN:chr16:234778:C:G,PATZ1,Decrease,0.652006,FAM234A,1.0,0.17153513602887663,113.0,chr16:234776-234784
DRAGEN:chr16:234778:C:G,SP1,Disrupt,4.27622,FAM234A,1.0,0.17153513602887663,113.0,chr16:234776-234784
DRAGEN:chr16:234778:C:G,SP2,Disrupt,1.69215,FAM234A,1.0,0.17153513602887663,113.0,chr16:234776-234784
DRAGEN:chr16:234778:C:G,SP3,Create,18.5862,FAM234A,1.0,0.17153513602887663,113.0,chr16:234776-234784
DRAGEN:chr16:234778:C:G,WT1,Disrupt,2.08356,FAM234A,1.0,0.17153513602887663,113.0,chr16:234776-234784
DRAGEN:chr16:234778:C:G,ZBED4,Create,1.83334,FAM234A,1.0,0.17153513602887663,113.0,chr16:234776-234784
DRAGEN:chr16:234778:C:G,ZBTB11,Create,3.57029,FAM234A,1.0,0.17153513602887663,113.0,chr16:234776-234784
DRAGEN:chr16:234778:C:G,ZBTB7A,Create,2.11861,FAM234A,1.0,0.17153513602887663,113.0,chr16:234776-234784
DRAGEN:chr16:234778:C:G,ZNF140,Disrupt,1.60186,FAM234A,1.0,0.17153513602887663,113.0,chr16:234776-234784
DRAGEN:chr16:234778:C:G,ZNF281,Disrupt,2.25542,FAM234A,1.0,0.17153513602887663,113.0,chr16:234776-234784
DRAGEN:chr16:234810:C:T,CREB3L4,Disrupt,0.68487,FAM234A,1.0,0.17153513602887663,113.0,chr16:234807-234822
DRAGEN:chr16:234810:C:T,CTCF,Decrease,5.05066,FAM234A,1.0,0.17153513602887663,113.0,chr16:234807-234822
DRAGEN:chr16:234810:C:T,CTCFL,Decrease,20.8174,FAM234A,1.0,0.17153513602887663,113.0,chr16:234807-234822
DRAGEN:chr16:234810:C:T,ELK1::SREBF2,Decrease,4.83544,FAM234A,1.0,0.17153513602887663,113.0,chr16:234807-234822
DRAGEN:chr16:234810:C:T,FOSL1::JUND,Disrupt,34.0302,FAM234A,1.0,0.17153513602887663,113.0,chr16:234807-234822
DRAGEN:chr16:234810:C:T,FOSL2::JUN,Disrupt,5.38302,FAM234A,1.0,0.17153513602887663,113.0,chr16:234807-234822
DRAGEN:chr16:234810:C:T,PLAG1,Create,0.211299,FAM234A,1.0,0.17153513602887663,113.0,chr16:234807-234822
DRAGEN:chr16:234850:G:C,ETV2::FIGLA,Disrupt,0.564438,FAM234A,1.0,0.17153513602887663,113.0,chr16:234844-234852
DRAGEN:chr16:234850:G:C,ETV5::FIGLA,Disrupt,3.42673,FAM234A,1.0,0.17153513602887663,113.0,chr16:234844-234852
DRAGEN:chr16:234850:G:C,NHLH2,Disrupt,0.0,FAM234A,1.0,0.17153513602887663,113.0,chr16:234844-234852
DRAGEN:chr16:234850:G:C,PRDM9,Disrupt,0.0896177,FAM234A,1.0,0.17153513602887663,113.0,chr16:234844-234852
DRAGEN:chr16:234850:G:C,TFAP4::ETV1,Disrupt,5.25515,FAM234A,1.0,0.17153513602887663,113.0,chr16:234844-234852
DRAGEN:chr16:234850:G:C,ZFX,Disrupt,1.5216,FAM234A,1.0,0.17153513602887663,113.0,chr16:234844-234852
DRAGEN:chr16:234850:G:C,ZNF460,Disrupt,3.65061,FAM234A,1.0,0.17153513602887663,113.0,chr16:234844-234852
DRAGEN:chr16:234850:G:C,ZNF93,Decrease,1.47795,FAM234A,1.0,0.17153513602887663,113.0,chr16:234844-234852
DRAGEN:chr16:318854:T:C,PLAGL2,Create,0.947741,PDIA2,0.011805,0.013792643773964164,35772.0,chr16:318844-318863
DRAGEN:chr16:318854:T:C,ZFX,Disrupt,1.5216,PDIA2,0.011805,0.013792643773964164,35772.0,chr16:318844-318863
DRAGEN:chr16:589115:G:A,EPAS1,Disrupt,0.574115,RAB40C,1.0,0.30503551333447776,463.0,chr16:589088-589118
DRAGEN:chr16:622306:C:CG,CTCF,Decrease,5.05066,WFIKKN1,0.064428,0.06814007512388773,8580.5,chr16:622303-622332
DRAGEN:chr16:622306:C:CG,EGR1,Disrupt,3.02693,WFIKKN1,0.064428,0.06814007512388773,8580.5,chr16:622303-622332
DRAGEN:chr16:622306:C:CG,GLIS2,Create,0.181237,WFIKKN1,0.064428,0.06814007512388773,8580.5,chr16:622303-622332
DRAGEN:chr16:622306:C:CG,ZNF320,Disrupt,0.930875,WFIKKN1,0.064428,0.06814007512388773,8580.5,chr16:622303-622332
DRAGEN:chr16:622306:C:CG,ZNF701,Decrease,0.792934,WFIKKN1,0.064428,0.06814007512388773,8580.5,chr16:622303-622332
DRAGEN:chr16:622306:C:CG,ZNF740,Create,2.69679,WFIKKN1,0.064428,0.06814007512388773,8580.5,chr16:622303-622332
DRAGEN:chr16:88810611:G:A,ZNF324,Create,2.06027,APRT,0.080395,0.10025439842122971,1376.0,chr16:88810600-88810618
DRAGEN:chr19:40807065:G:T,CTCF,Decrease,5.05066,EGLN2,0.034519,0.03314079184876268,7632.0,chr19:40807049-40807071
DRAGEN:chr19:40807065:G:T,ZNF701,Create,0.792934,EGLN2,0.034519,0.03314079184876268,7632.0,chr19:40807049-40807071
DRAGEN:chr6:139518262:G:A,ESR1,Disrupt,0.0182974,LINC01625,0.092447,0.10292327615454834,43933.0,chr6:139518237-139518267
DRAGEN:chr6:139518262:G:A,ESR2,Disrupt,0.307199,LINC01625,0.092447,0.10292327615454834,43933.0,chr6:139518237-139518267
DRAGEN:chr6:139518262:G:A,THRB,Create,0.823729,LINC01625,0.092447,0.10292327615454834,43933.0,chr6:139518237-139518267
DRAGEN:chr6:27132003:G:A,EGR1,Disrupt,3.02693,HIST1H2BJ,1.0,0.27763323716461147,647.0,chr6:27131998-27132010
DRAGEN:chr6:27132003:G:A,KLF15,Disrupt,0.938631,HIST1H2BJ,1.0,0.27763323716461147,647.0,chr6:27131998-27132010
DRAGEN:chr6:27132003:G:A,SP2,Disrupt,1.69215,HIST1H2BJ,1.0,0.27763323716461147,647.0,chr6:27131998-27132010
DRAGEN:chr7:134316632:C:T,EWSR1-FLI1,Increase,,SLC35B4,1.0,0.7689895840810702,198.5,chr7:134316621-134316638
DRAGEN:chr7:134316632:C:T,KLF1,Disrupt,41.5686,SLC35B4,1.0,0.7689895840810702,198.5,chr7:134316621-134316638
DRAGEN:chr7:134316632:C:T,KLF10,Decrease,1.54871,SLC35B4,1.0,0.7689895840810702,198.5,chr7:134316621-134316638
DRAGEN:chr7:134316632:C:T,KLF12,Disrupt,0.00960881,SLC35B4,1.0,0.7689895840810702,198.5,chr7:134316621-134316638
DRAGEN:chr7:134316632:C:T,KLF14,Decrease,0.0,SLC35B4,1.0,0.7689895840810702,198.5,chr7:134316621-134316638
DRAGEN:chr7:134316632:C:T,KLF15,Decrease,0.938631,SLC35B4,1.0,0.7689895840810702,198.5,chr7:134316621-134316638
DRAGEN:chr7:134316632:C:T,KLF16,Disrupt,3.31925,SLC35B4,1.0,0.7689895840810702,198.5,chr7:134316621-134316638
DRAGEN:chr7:134316632:C:T,KLF2,Disrupt,0.0,SLC35B4,1.0,0.7689895840810702,198.5,chr7:134316621-134316638
DRAGEN:chr7:134316632:C:T,KLF4,Disrupt,0.0513737,SLC35B4,1.0,0.7689895840810702,198.5,chr7:134316621-134316638
DRAGEN:chr7:134316632:C:T,KLF5,Decrease,0.127742,SLC35B4,1.0,0.7689895840810702,198.5,chr7:134316621-134316638
DRAGEN:chr7:134316632:C:T,KLF6,Disrupt,0.918518,SLC35B4,1.0,0.7689895840810702,198.5,chr7:134316621-134316638
DRAGEN:chr7:134316632:C:T,KLF7,Disrupt,0.0116311,SLC35B4,1.0,0.7689895840810702,198.5,chr7:134316621-134316638
DRAGEN:chr7:134316632:C:T,PATZ1,Decrease,0.652006,SLC35B4,1.0,0.7689895840810702,198.5,chr7:134316621-134316638
DRAGEN:chr7:134316632:C:T,PRDM9,Disrupt,0.0896177,SLC35B4,1.0,0.7689895840810702,198.5,chr7:134316621-134316638
DRAGEN:chr7:134316632:C:T,SP1,Decrease,4.27622,SLC35B4,1.0,0.7689895840810702,198.5,chr7:134316621-134316638
DRAGEN:chr7:134316632:C:T,SP2,Decrease,1.69215,SLC35B4,1.0,0.7689895840810702,198.5,chr7:134316621-134316638
DRAGEN:chr7:134316632:C:T,SP3,Disrupt,18.5862,SLC35B4,1.0,0.7689895840810702,198.5,chr7:134316621-134316638
DRAGEN:chr7:134316632:C:T,SP4,Disrupt,1.77515,SLC35B4,1.0,0.7689895840810702,198.5,chr7:134316621-134316638
DRAGEN:chr7:134316632:C:T,SP9,Disrupt,0.0183873,SLC35B4,1.0,0.7689895840810702,198.5,chr7:134316621-134316638
DRAGEN:chr7:134316632:C:T,TFDP1,Create,7.06038,SLC35B4,1.0,0.7689895840810702,198.5,chr7:134316621-134316638
DRAGEN:chr7:134316632:C:T,ZBED4,Disrupt,1.83334,SLC35B4,1.0,0.7689895840810702,198.5,chr7:134316621-134316638
DRAGEN:chr7:134316632:C:T,ZNF148,Disrupt,1.92197,SLC35B4,1.0,0.7689895840810702,198.5,chr7:134316621-134316638
DRAGEN:chr8:41792615:C:T,KLF15,Disrupt,0.938631,ANK1,0.204531,0.22460652887751126,5169.0,chr8:41792600-41792630
DRAGEN:chr8:41792615:C:T,PATZ1,Decrease,0.652006,ANK1,0.204531,0.22460652887751126,5169.0,chr8:41792600-41792630
