rsID,foodie_id,enhancer_name,class,TargetGene,distance,isSelfPromoter,hic_contact,activity_base,ABC.Score,ABC.Score.FP
DRAGEN:chr11:3379262:G:GC,chr11:3379254-3379274,promoter|chr11:3378881-3379638,promoter,ZNF195,37.5,True,0.100131,9.856904,1.0,0.26830673733875804
DRAGEN:chr14:63543502:G:A,chr14:63543473-63543503,promoter|chr14:63542602-63543893,promoter,PPP2R5E,113.5,True,0.066104,9.196675,1.0,0.695763953612869
DRAGEN:chr16:145021:C:T,chr16:145010-145040,intergenic|chr16:144746-145389,intergenic,HBZ,7786.5,False,0.162586,3.446013,0.054921,0.07412182475831754
DRAGEN:chr16:156415:T:C,chr16:156401-156424,intergenic|chr16:154938-157408,intergenic,HBZ,3319.0,False,0.071597,16.397443,0.139408,0.15531628692988989
DRAGEN:chr16:156520:C:T,chr16:156519-156549,intergenic|chr16:154938-157408,intergenic,HBZ,3319.0,False,0.071597,16.397443,0.139408,0.15531628692988989
DRAGEN:chr16:173004:AGAGGT:A,chr16:172995-173014,promoter|chr16:172724-173440,promoter,HBA2,236.0,True,0.122195,2.888111,1.0,0.0406377949643655
DRAGEN:chr16:180725:G:C,chr16:180724-180738,promoter|chr16:178588-181832,promoter,HBQ1,123.0,True,0.09658,50.562675,1.0,0.4438189463513685
DRAGEN:chr16:234778:C:G,chr16:234776-234784,promoter|chr16:234218-235098,promoter,FAM234A,113.0,True,0.081317,9.272943,1.0,0.17153513602887663
DRAGEN:chr16:234810:C:T,chr16:234807-234822,promoter|chr16:234218-235098,promoter,FAM234A,113.0,True,0.081317,9.272943,1.0,0.17153513602887663
DRAGEN:chr16:234850:G:C,chr16:234844-234852,promoter|chr16:234218-235098,promoter,FAM234A,113.0,True,0.081317,9.272943,1.0,0.17153513602887663
DRAGEN:chr16:318854:T:C,chr16:318844-318863,genic|chr16:318572-319206,genic,PDIA2,35772.0,False,0.012541,2.574139,0.011805,0.013792643773964164
DRAGEN:chr16:589115:G:A,chr16:589088-589118,promoter|chr16:588519-590707,promoter,RAB40C,463.0,True,0.045539,28.899053,1.0,0.30503551333447776
DRAGEN:chr16:622306:C:CG,chr16:622303-622332,genic|chr16:622068-622793,genic,WFIKKN1,8580.5,False,0.040661,12.431849,0.064428,0.06814007512388773
DRAGEN:chr16:88810611:G:A,chr16:88810600-88810618,genic|chr16:88810257-88810859,genic,APRT,1376.0,False,0.103571,11.115608,0.080395,0.10025439842122971
DRAGEN:chr19:40807065:G:T,chr19:40807049-40807071,genic|chr19:40806810-40807310,genic,EGLN2,7632.0,False,0.025765,7.766593,0.034519,0.03314079184876268
DRAGEN:chr6:139518262:G:A,chr6:139518237-139518267,intergenic|chr6:139517872-139519186,intergenic,LINC01625,43933.0,False,0.007653,8.473817,0.092447,0.10292327615454834
DRAGEN:chr6:27132003:G:A,chr6:27131998-27132010,promoter|chr6:27131247-27135639,promoter,HIST1H2BJ,647.0,True,0.074498,117.29535,1.0,0.27763323716461147
DRAGEN:chr7:134316632:C:T,chr7:134316621-134316638,promoter|chr7:134316380-134317373,promoter,SLC35B4,198.5,True,0.067704,30.366302,1.0,0.7689895840810702
DRAGEN:chr8:41792615:C:T,chr8:41792600-41792630,genic|chr8:41792041-41792865,genic,ANK1,5169.0,False,0.08025,17.219232,0.204531,0.22460652887751126
