TF,K562_rna_rpkm,GM12878_rna_rpkm,K562_rna_tpm,GM12878_rna_tpm
MYB,37.209,9.219,10.3694,1.48284
AR,0.002,0.018,0.00647788,0.0285438
EHF,0.029,0.009,0.0634677,0.0639257
FOXD2,0.24,0.03,0.276081,0.0087275
KLF9,6.582,0.966,2.00881,0.380422
HMX2,0.054,0.019,0.121964,7.10116
PLAG1,2.139,6.633,0.211299,0.934374
HOXD8,0.004,0.0,0.0,0.0
BHLHE41,0.0,0.457,0.0,0.0445604
ZSCAN16,0.098,4.656,0.0,2.64523
PITX3,0.055,0.0,0.262793,0.0
OVOL1,0.003,0.599,0.0,0.0138483
SOX4,0.013,20.153,0.01614,17.7313
TEAD1,5.042,0.056,1.47277,0.0279957
ZNF449,4.903,3.123,0.59514,0.457269
NKX3-1,0.033,0.196,0.0,0.185113
FOXG1,0.969,0.01,0.151589,0.120701
HOXD10,0.0,0.0,0.00808808,0.0
ZNF85,0.608,3.472,0.109164,2.08431
ZNF707,1.226,1.009,0.235101,0.713504
FOXO1::ELF1,22.61,60.224,3.4987643,13.166919
IKZF3,0.239,28.571,0.119951,19.5111
MNX1,0.446,0.842,1.40213,0.445931
NR5A2,0.046,0.411,0.0678607,0.072227
CUX2,0.0,0.093,0.0,0.629218
GLIS1,0.0,0.0,0.0,0.0413335
HOXB2,7.58,0.194,3.13386,1.61207
GATA3,0.01,0.369,0.0,0.207912
ZNF93,6.177,5.217,1.47795,0.187169
TCF4,4.659,25.535,0.55767,1.94012
ZFX,6.202,13.68,1.5216,4.48136
MEOX1,0.0,6.921,0.0,0.0978034
SHOX,0.0,0.863,0.0068935,0.0802303
PAX9,0.767,4.66,0.218012,0.0379568
SCRT2,0.142,0.007,0.0106516,0.0
RFX3,1.235,13.345,0.416169,1.68851
ATF7,11.579,7.228,1.26172,3.31046
BACH1,21.378,10.168,7.82374,3.37171
BCL11B,0.001,1.492,0.0,0.989128
GBX2,0.076,0.0,0.150363,0.0
TBX18,16.86,2.505,3.97975,0.0313233
SIX4,3.816,0.031,1.84287,0.0289943
FOXQ1,0.0,0.0,0.0,0.00934712
TLX2,0.004,0.0,0.0,1.00929
SMAD4,9.192,13.177,7.06629,4.88489
ETV5::DRGX,6.086,1.99,1.80998,1.75089
PPARD,11.099,3.553,0.807918,3.61202
NEUROG2,0.036,1.257,0.0,0.982534
PROX1,0.071,0.003,0.00564938,0.105687
LHX5,0.133,0.022,0.0131521,0.00716759
PRDM9,0.433,0.0,0.0896177,0.0148987
USF2,36.013,64.454,7.22407,15.9828
NR1H3,7.317,1.282,1.46347,0.213906
MYBL2,31.959,21.627,14.6623,48.5902
FERD3L,0.0,0.0,0.0,0.0
HES5,0.008,0.01,0.0,0.0362373
CDX4,0.0,0.0,0.0,0.0
SNAI3,2.286,1.01,1.05523,2.08577
TWIST1,0.023,0.0,0.0995679,0.0
ZBTB32,0.003,11.799,0.0,7.17242
EGR4,0.0,0.001,0.0,0.0514431
HEY2,0.049,0.005,0.0063836,0.0348329
FLI1::FOXI1,0.0,7.652,0.0109743,12.7041
ZNF317,12.398,11.348,1.94127,3.87823
DLX2,0.191,0.0,0.205007,0.0359772
POU2F1::SOX2,7.156,11.165999999999999,0.713302,1.0388933
ZNF175,32.529,9.6,1.66584,2.03741
NKX2-1,0.0,0.0,0.0,0.016414
ERF::FOXO1,16.86,19.489,3.7922643,8.179859
FOXO1::ELK1,18.825,22.02,4.8937843,11.517919
DMBX1,7.884,0.009,0.19203,0.0128285
ARNT2,0.006,0.011,0.0,0.0157168
MGA,11.829,8.477,2.71104,2.57577
HES2,0.104,0.114,0.0428554,0.10381
E2F8,9.012,15.511,1.40845,3.3089
FOXJ2,2.17,2.711,0.64959,2.49234
PPARA,2.111,4.694,2.02784,0.916632
CEBPD,2.444,0.338,2.08976,0.399121
INSM1,0.0,0.016,0.0,0.037359
RARA::RXRG,1.089,1.806,1.41108,3.19362
BARX1,0.013,0.0,0.0259547,0.0
MSANTD3,6.96,7.524,3.72432,3.31053
PAX7,0.0,0.0,0.00268916,0.0
THRA,4.17,0.391,2.12311,0.284348
ZBTB7C,0.0,0.026,0.0,0.125415
ZNF282,17.681,7.406,5.57074,8.28796
PAX1,0.0,0.0,0.00273195,0.0148919
NR4A2::RXRA,2.641,4.725,2.585927,7.926462
STAT4,0.012,2.776,0.0112237,1.87381
STAT5A::STAT5B,163.91,40.507999999999996,43.7464,24.79491
LHX6,4.301,0.0,3.0597,0.0
ZKSCAN1,29.789,24.792,2.72793,5.30207
MYF6,0.0,0.0,0.0,0.0
SOX18,0.493,0.434,0.635357,1.95225
NFYA,15.622,11.643,3.15601,5.19328
IKZF1,14.525,27.036,8.63824,9.69859
POU3F4,0.0,0.017,0.0,0.00538246
MAF,0.005,0.026,0.0215383,0.0218484
NKX6-1,0.0,0.0,0.0,0.0
GATA5,0.667,0.0,0.0481859,0.0
ELK1::HOXB13,18.005,15.352,4.966686,11.0143188
CTCFL,83.547,0.009,20.8174,0.11532
ATF1,27.546,29.131,2.95496,5.4308
PAX5,0.001,12.686,0.00852548,22.1127
EBF1,0.013,9.327,0.0,2.00735
KLF10,8.027,7.19,1.54871,5.04318
VEZF1,12.179,16.202,2.01218,4.3879
ZNF667,0.0,0.005,0.0140544,0.0323617
RELA,8.94,7.661,3.47765,11.4904
GSX2,0.0,0.007,0.0,0.0430135
ZNF701,4.415,5.232,0.792934,1.83647
ZNF213,0.937,0.212,0.212367,1.83279
GABPA,15.273,20.43,3.12695,5.65322
TCF3,27.432,17.935,14.6859,15.7131
ZNF157,0.0,0.157,0.00348784,0.189154
FOS::JUNB,21.769000000000002,41.079,18.53228,41.9950641
BARHL2,0.0,0.0,0.0244023,0.0
SOX2,0.0,0.04,0.0,0.0425463
MYC,87.278,38.354,46.3243,33.3037
PPARG::RXRA,1.137,1.9700000000000002,2.03368,7.6106599
ZNF530,3.413,2.898,1.85153,0.641172
ZNF669,7.571,4.453,1.70966,1.38266
TFAP2E,0.047,0.041,0.014532,0.239081
SOX14,0.0,0.0,0.0,0.0
SIX3,0.0,0.0,0.00621165,0.144229
ZNF460,17.089,23.546,3.65061,7.14636
DLX4,0.995,0.091,0.0828166,0.0424932
FIGLA,0.0,0.0,0.0,0.0
UNCX,0.0,0.0,0.0,0.0
ZNF354C,0.01,0.016,0.0,0.0
RREB1,2.467,1.375,1.64492,3.38215
ZNF257,2.492,0.115,1.26307,0.00576784
ZNF558,27.866,0.03,0.953901,0.694204
FOSB::JUN,7.430000000000001,2.01,5.536888,3.211725
SP8,0.395,0.0,1.06177,0.0280494
CUX1,2.388,2.064,2.80679,4.1809
ZIC1::ZIC2,1.423,0.0,0.815099,0.0141055
PGR,0.623,0.0,0.260133,0.00716667
THAP11,24.709,25.609,7.73899,9.64759
SOX12,2.842,1.427,1.67015,6.18065
HNF1A,0.001,0.002,0.0,0.0216223
ZNF416,1.633,3.578,0.256652,1.92504
FEZF2,0.0,0.0,0.0808659,0.0115215
ZNF140,1.991,7.723,0.52317,1.18438
DLX5,0.0,0.0,0.0,0.0
GMEB2,7.372,7.498,2.37111,3.18591
CDX2,0.0,0.0,0.0,0.0152252
NRL,0.722,1.168,0.372758,0.405897
LMX1B,0.001,0.0,0.0254997,0.0235134
STAT1,14.09,244.213,2.69336,53.0976
HOXB3,5.347,1.878,0.950104,0.548142
MAF::NFE2,143.188,0.040999999999999995,22.0736383,0.0369093
ARID3B,11.296,13.276,0.874301,7.82963
SOX17,0.0,0.0,0.0,0.0
TFCP2L1,0.363,0.037,0.124522,0.060176
VENTX,0.132,0.0,0.15287,0.163871
LBX1,0.0,0.0,0.0,0.0
HOXC12,0.035,0.0,0.059693,0.00625135
ZNF652,5.208,5.657,0.522303,1.08337
AHR::ARNT,23.692999999999998,14.478000000000002,2.1766535,5.827920000000001
ETV3,5.365,5.932,0.850974,3.25503
MAZ,76.867,24.199,35.1936,30.2858
ZNF214,0.051,0.008,0.0129242,0.0
MLXIPL,1.026,0.0,2.1011,0.0621884
SIX1,0.409,0.014,0.165538,0.0165517
ZNF784,2.727,0.848,0.524322,1.79128
OLIG3,0.0,0.0,0.0,0.0
MGA::EVX1,11.829,8.477,2.71104,2.57577
RARA,1.089,1.806,1.41108,3.19362
SHOX2,5.189,0.082,0.28365,0.0775377
HIC1,0.254,4.798,0.329898,13.4827
FOXO6,0.017,0.233,0.0,0.0415253
GATA1,125.155,0.007,47.7672,0.0461151
PBX1,0.041,0.01,0.0372514,0.064896
PBX2,49.678,18.095,7.10452,13.1563
MEF2D,2.236,6.111,0.736279,7.03083
ZNF524,3.723,2.542,2.03989,4.77295
KLF6,8.407,18.456,0.918518,6.75578
OSR2,1.477,0.048,0.362533,1.1036
TP73,0.443,3.301,0.0758855,9.96607
HOXA2,0.01,0.0,0.0,0.0122814
FEV,0.982,0.0,0.0991848,0.0
FOXN1,0.0,0.0,0.0,0.0
MXI1,13.548,4.996,1.85573,0.109512
HOXB13,0.015,0.0,0.131246,0.0811188
HOXB4,11.991,2.976,5.66729,2.22275
HOXD13,0.014,0.0,0.0,0.0
KLF1,54.209,0.012,41.5686,0.0845769
NPAS2,0.002,0.0,0.0,0.0285008
ZNF547,0.627,3.156,0.0170362,0.526771
ZSCAN29,8.496,9.44,3.67912,5.92797
MYOD1,0.0,0.0,0.0,0.0
HOXD9,0.0,0.0,0.0,0.0
ELF4,30.148,20.149,6.7512,7.04812
TBX5,0.0,0.0,0.0,0.0
NKX6-3,0.48,0.0,0.0,0.0
ERF::FOXI1,16.025,12.821,3.73392,7.59514
HOXD11,0.0,0.0,0.0,0.0
ALX1,0.169,0.0,0.0233671,0.0
CEBPA,0.185,0.099,0.127565,0.129437
HOXC13,0.162,0.0,0.0129875,0.0
PAX2,0.0,0.002,0.0,0.00655167
FOXF1,0.0,0.007,0.00216976,0.0
TBR1,0.004,0.013,0.0,0.0
BCL6B,2.129,0.116,0.847669,0.04982
MEF2C,11.849,37.972,4.71447,20.3937
SP9,0.232,0.0,0.0183873,0.0
PTF1A,0.0,0.0,0.0,0.0
LHX2,0.004,19.169,0.0,0.961327
REST,11.52,15.713,2.38857,4.17651
NFKB2,5.675,50.99,1.77921,26.3664
NR5A1,0.029,0.171,0.0653738,0.0500606
ESX1,0.0,0.0,0.0,0.0
MEIS3,0.156,0.007,0.0301909,0.0
THRB,6.422,0.0,0.823729,0.0
FOXC1,0.0,0.218,0.0,0.407692
NFKB1,6.003,47.855,0.918527,13.2515
TEF,1.45,1.234,0.2382,1.42105
E2F3,26.641,12.869,1.59809,2.37354
IRF8,0.0,204.762,0.0,27.432
ETV2::DRGX,0.159,0.137,0.564438,0.157541
SP3,22.01,21.491,4.44966,10.9344
NOTO,0.0,0.0,0.0172667,0.0812732
ELF5,0.002,0.0,0.0,0.0195629
PDX1,0.0,0.056,0.0,0.0
ISX,0.089,0.026,0.014931,0.0940501
ZNF35,6.756,8.064,1.74452,3.92689
NKX6-2,0.0,0.0,0.0,0.0
MSGN1,0.0,0.024,0.0,0.0
GFI1B,33.237,0.031,5.47988,0.0663963
HMGA1,232.859,47.9,188.981,127.515
GATA2,18.362,0.003,9.17715,0.0234159
HESX1,0.422,4.149,0.117507,0.314298
RXRA::VDR,2.1639999999999997,4.712,2.313424,8.12194
BHLHE23,0.0,0.0,0.0,0.0
TBX3,0.134,0.015,0.0539922,0.0366202
TWIST2,0.0,0.0,0.0,0.0
POU3F3,0.0,0.003,0.0829869,0.00685065
ZNF766,11.844,18.568,1.09249,1.96033
ZNF184,12.192,14.683,1.56392,1.5339
RBPJ,22.697,46.475,1.68029,5.11893
TFEB,0.872,11.214,2.5681,9.33315
ZSCAN31,3.504,1.005,0.664985,0.500006
DUXA,0.004,0.0,0.00910983,0.100755
ZBTB12,3.23,1.209,1.25362,1.26517
TBX20,0.0,0.003,0.0,0.0118529
ZBTB6,6.516,13.025,0.706646,2.63291
FOXO1,0.835,6.668,0.0583443,0.584719
FOXI1,0.0,0.0,0.0,0.0
FLI1::DRGX,0.001,7.654,0.0109743,12.7041
VDR,1.027,3.1,0.279744,0.52657
HOXC11,0.03,0.0,0.0,0.0
ETV5::HOXA2,6.095,1.988,1.80998,1.7631714
FOXE1,0.0,0.0,0.0,0.0
VAX1,0.0,0.0,0.00669246,0.00909859
LHX9,0.001,0.001,0.00596416,0.0106294
FOXH1,1.954,0.022,0.687515,0.0674116
STAT1::STAT2,35.150999999999996,279.605,4.79871,59.66875
TFE3,8.164,4.38,2.49057,2.87646
ETV2::FOXI1,0.158,0.135,0.564438,0.157541
VSX2,0.002,0.03,0.0,0.0
EVX2,0.005,0.0,0.0,0.0
GLI2,0.001,0.0,0.00543967,0.011907
NR2E1,0.0,0.0,0.0,0.0
NR1I2,0.0,0.083,0.0,0.052
ISL1,0.0,0.0,0.0,0.00871608
BHLHE22,0.0,6.69,0.0,1.07557
ERF::HOXB13,16.04,12.821,3.865166,7.676258799999999
SP2,2.384,1.175,1.69215,4.84861
ESRRA,21.409,5.44,9.85619,6.47967
PRDM15,3.367,3.458,0.487799,1.27554
SOX1,0.0,0.0,0.00272778,0.0
ZNF354A,2.139,9.604,1.58037,1.29298
CEBPE,0.081,0.0,0.016092,0.0882379
CREB1,6.432,14.254,1.65648,7.32298
ETV7,0.0,0.005,0.0,0.292236
FOXS1,0.0,0.0,0.0,0.0
NR4A2,1.504,3.113,0.552247,0.331092
POU5F1,0.072,0.466,0.048191,0.68011
ZBTB11,21.37,17.972,3.57029,5.35335
ATOH7,0.01,0.026,0.0113587,0.0
BNC2,0.003,6.194,0.0,0.0845112
LHX3,0.004,0.007,0.00330391,0.0
ZBTB26,16.926,17.983,0.680906,1.69508
EMX1,0.03,1.359,0.0125609,0.131056
STAT5B,85.459,23.674,15.3503,15.1063
OTX2,0.008,0.0,0.0,0.103778
EBF4,0.014,0.0,0.0159684,0.0
ARID3A,23.28,8.208,8.50324,11.5243
DMRTA1,0.0,0.006,0.0,0.00363207
HAND2,0.652,0.0,1.01227,0.0
SPDEF,0.091,0.007,0.0,0.0475573
PRDM14,0.0,0.005,0.0236014,0.0721985
ALX4,0.5,0.0,0.233868,0.0
POU5F1B,0.006,1.597,0.0303087,0.0692942
POU4F2,0.0,0.0,0.0,0.0
FOXO4,5.205,1.976,2.88993,1.04461
FOXC2,0.0,0.0,0.0,0.0
TP63,0.07,2.64,0.0709691,1.53668
BATF3,0.377,6.856,0.816446,12.3491
ZBED2,0.0,0.137,0.0,0.112057
EMX2,0.0,0.07,0.0251145,0.0473986
RXRB,25.767,16.654,2.04346,3.60624
EBF2,0.0,0.012,0.0,0.0248334
ERF::NHLH1,16.467,12.968,3.7522366,7.886562
OTX1,0.151,0.04,0.0883448,0.0165943
LEF1,13.493,2.174,1.41752,1.76793
FOXP4,1.442,1.06,0.538913,8.82449
RHOXF1,0.007,2.35,0.0,0.0
HOXB2::ELK1,25.57,15.546000000000001,7.9693000000000005,12.545269999999999
LIN54,9.885,11.185,2.59232,2.08697
OSR1,0.0,0.002,0.0,0.0
ZNF143,16.694,12.762,2.8262,1.65497
MLX,37.419,29.977,5.70228,5.84366
NR1D2,1.681,3.74,0.221327,1.08726
JUN::JUNB,26.401,42.467999999999996,22.63422,45.024640000000005
MYCN,0.0,0.002,0.0,0.0
E2F4,78.737,43.837,19.0029,25.5695
SNAI2,0.005,0.0,0.00799312,0.0218472
STAT6,18.76,54.346,1.80555,27.1136
PITX2,0.012,0.0,0.0,0.0
WT1,12.703,0.331,2.08356,0.00912969
KLF5,0.526,0.256,0.0581201,0.895901
HOXD12,0.0,0.0,0.0,0.0
FOXA3,12.738,0.699,1.28228,0.0110545
IRF5,0.001,21.527,0.0,7.39275
EGR3,0.142,3.655,0.0614957,2.44245
RAX,0.0,0.0,0.0,0.0
POU4F3,0.048,0.021,0.00330544,0.00902058
MAFF,3.428,1.551,1.65284,0.459334
ZNF816,13.235,7.46,1.93641,1.3008
SOHLH2,10.378,1.258,1.82807,0.0099015
IKZF2,0.092,153.957,0.0881517,15.5632
NFYC,14.626,15.46,2.22169,6.22458
GLIS3,0.005,0.03,0.0197387,0.211142
ZNF75A,8.677,8.182,0.606693,0.971171
SOX15,0.073,0.066,0.051757,0.0953008
RAX2,0.009,0.0,0.0149303,0.0713532
GFI1,0.758,11.571,0.0838742,3.24848
MAFA,0.407,0.0,0.480905,0.0
PAX8,0.305,0.305,0.127293,0.243786
RFX5,17.872,61.517,3.68832,15.0947
DMRTA2,0.01,0.0,0.0,0.0
BHLHE40,76.397,61.706,5.44523,27.4424
FOXD3,0.083,0.0,0.103509,0.0
NKX2-5,0.0,0.0,0.0,0.024519
SREBF2,42.778,46.876,4.79279,44.6974
CREM,9.47,12.242,1.63453,2.71387
ETV6,2.611,16.972,0.656229,14.915
ZFP42,0.602,0.0,0.0543208,0.287224
CRX,0.006,0.0,0.012891,0.0790939
RUNX2,0.177,0.019,0.0757674,0.0591013
HOXB5,0.649,0.0,0.0628556,0.0
RORA,0.001,19.192,0.0,1.83307
MAFK,2.39,1.696,2.48678,5.68214
NFE2L2,45.437,28.576,4.24504,5.88184
SOX11,0.0,0.0,0.00504962,0.00692049
BCL6,1.806,0.018,0.0779996,0.114937
ELK1,17.99,15.352,4.83544,10.9332
HNF4A,0.005,0.0,0.0413984,0.0441518
NR3C2,0.077,0.041,0.00503315,0.0283763
HNF4G,0.0,19.671,0.00358538,0.287935
TFDP1,50.457,83.423,7.06038,46.613
POU5F1::SOX2,0.072,0.506,0.048191,0.7226563
HINFP,5.371,3.269,0.798936,1.05482
KLF11,8.376,0.315,1.3376,0.0561643
HIC2,20.582,1.416,14.2777,1.33668
NFATC3,56.333,19.994,3.45133,2.9247
FOXO3,4.785,2.577,1.07586,0.840191
E2F2,3.114,2.256,3.42873,7.62459
MEF2B,2.381,2.498,0.116052,5.29241
OVOL2,4.231,5.18,0.0,0.0
ZNF768,25.363,10.157,8.67917,4.84138
FOXN3,0.133,12.156,0.087252,8.79736
HAND1::TCF3,27.432,17.935,14.6859,15.893747000000001
FOSL2::JUND,41.404,11.043000000000001,34.216388,50.496671
CDX1,0.013,0.0,0.0,0.0254673
TBP,31.149,20.269,3.90179,3.86955
ZNF341,0.906,1.066,0.267822,0.85176
ZNF343,6.476,6.82,0.64818,1.18871
CREB3,8.038,11.933,2.08003,6.29172
E2F7,6.76,13.729,0.747111,5.10429
ETV5::FIGLA,6.085,1.988,1.80998,1.75089
PKNOX2,0.002,0.002,0.0,0.0
E2F6,12.191,6.919,2.63768,0.909399
NR1H4::RXRA,1.138,1.639,2.0943903,7.6460931
DMRTC2,0.011,0.0,0.0,0.0
ZSCAN4,0.005,0.055,0.0,0.00972246
TP53,4.004,11.679,1.45686,15.4281
NFIL3,8.325,0.848,0.981947,0.282966
TEAD2,7.689,0.027,2.01171,0.0406878
ZNF382,0.065,0.318,0.0765835,0.104036
NR6A1,23.455,4.612,3.20445,1.92864
TEAD4,13.974,0.017,2.42238,0.163521
TBX4,0.006,0.006,0.0,0.0305756
ZNF331,0.158,4.404,0.124044,0.465589
GBX1,0.0,0.0,0.0,0.0
HOXC8,0.458,0.0,0.107163,0.0117238
KLF15,1.535,0.011,0.938631,1.21821
CREB3L2,18.689,17.806,1.61948,10.6772
IRF3,29.507,24.877,4.29775,11.461
ALX3,0.0,0.0,0.0,0.0
FOXK1,2.594,1.967,2.16478,9.01405
ZNF692,36.645,14.966,2.19744,1.23353
NFIC::TLX1,6.333,0.553,1.2548857,5.36271
MYBL1,0.188,0.24,0.0155459,0.500856
FOSL1::JUN,12.712,2.593,7.83921,4.045318
KLF12,0.051,8.56,0.00960881,0.238862
ZNF528,0.258,0.548,0.351169,0.619722
GRHL1,2.54,0.21,0.511553,0.0619255
SP1,37.404,32.255,4.27622,8.43124
RUNX1,3.715,0.131,2.37664,1.75102
TBX1,2.334,0.004,1.34924,0.0239766
ETV5::FOXO1,6.92,8.656,1.8683242999999998,2.335609
HES7,0.144,0.226,0.659992,0.372452
HOXA3,0.019,0.051,0.0,0.0230193
JUNB,19.137,40.54,17.2512,41.9288
VSX1,0.0,0.013,0.0,0.0
FOXJ3,20.559,22.623,3.11984,4.0876
LHX8,0.004,0.0,0.0,0.0
ZIC1,0.061,0.0,0.0,0.0
NR1H3::RXRA,8.454,2.894,3.49715,7.809276
ZNF454,0.008,0.002,0.0,0.00929691
SRF,28.712,29.644,5.84727,18.1942
NEUROD2,0.0,0.0,0.0,0.0
ZKSCAN3,8.569,2.026,1.12256,0.740609
LMX1A,0.0,0.0,0.0,0.0
NR2F2,3.902,4.414,1.11473,1.91022
HOXA1,0.285,1.437,0.0318656,0.0108867
HOXA5,0.027,0.134,0.00497919,0.0
MSX1,3.235,0.352,1.41447,0.122609
OLIG1,0.0,0.0,0.0,0.0228956
EPAS1,3.17,5.126,0.328174,0.418156
PHOX2A,0.0,0.0,0.0,0.0
E2F1,17.021,13.302,4.50532,14.7176
ZIC3,0.0,0.034,0.0,0.0111887
MEIS1,1.517,0.113,1.15969,0.0
KLF17,0.017,0.0,0.0125114,0.0137298
ZNF417,6.351,10.402,0.465097,1.8979
SMAD2,7.785,16.718,3.25031,14.7057
RFX1,0.974,0.277,0.484028,2.42796
GATA1::TAL1,160.099,0.007,57.9583,0.0988724
PPARA::RXRA,3.248,6.306,4.06152,8.512002
ZBTB7B,14.262,10.062,4.85301,4.95234
NR2F1,0.022,0.015,0.0,0.0368948
ARID5A,2.419,13.621,0.274726,11.1066
MAFG,26.117,7.353,4.44659,5.4217
DMRT1,0.004,1.988,0.0,0.0975683
PHOX2B,0.0,0.0,0.0,0.0
TBX6,0.102,0.242,0.0324606,0.249298
ZNF75D,4.26,8.028,0.621948,0.847623
NFIC,1.783,0.55,1.21509,5.36271
ZBED1,7.7,25.614,1.3684,4.34782
NHLH2,0.0,0.005,0.0,0.0
NR1H2::RXRA,23.801000000000002,14.646,11.257200000000001,16.13275
HSF1,10.278,3.968,7.55039,16.0212
ZNF76,6.217,5.418,1.13368,4.48964
BSX,0.0,0.015,0.0,0.0
PAX3,0.0,0.0,0.0,0.0
ELK4,7.452,17.422,1.19937,11.0837
SOX10,0.0,0.0,0.0,0.0
ZNF740,19.283,13.654,1.54143,2.35385
MEF2A,5.05,27.667,0.607369,3.43706
TBX19,2.481,4.208,0.0938852,0.311608
GSC,0.0,0.0,0.0,0.0
IRF7,1.353,24.125,0.408832,12.1806
ZBTB2,14.68,18.349,3.67814,5.15904
NRF1,12.513,9.788,2.26992,2.69542
PATZ1,2.185,6.168,0.652006,3.97773
BACH1::MAFK,23.768,11.863999999999999,10.31052,9.05385
BACH2,1.72,0.019,0.425921,0.0322403
GLI1,0.433,0.478,0.11578,0.26584
DLX6,0.0,0.0,0.00686481,0.00936973
DMRT3,0.0,0.005,0.0,0.0
SPZ1,0.0,0.0,0.0,0.0
ATF6,28.37,24.607,3.49579,5.23948
LBX2,0.255,0.041,0.653373,0.172951
FOS::JUND,43.696,11.217,35.311280000000004,50.3166641
FOXO1::FLI1,0.835,14.32,0.06931860000000001,13.288819
SOX8,0.131,0.0,0.0,0.0
NFATC2,1.718,5.964,0.291723,2.08327
NKX3-2,0.363,0.005,0.157954,0.0
SOX9,0.0,3.967,0.0,4.75365
EGR1,11.191,2.274,3.02693,3.07758
NKX2-2,0.099,0.0,0.0,0.0
TRPS1,2.256,0.003,1.29696,0.27169
KLF3,14.111,2.746,2.57897,1.4638
PRDM4,15.582,14.195,2.52324,4.80242
ELK3,0.973,4.249,0.462566,0.599193
GSX1,0.0,0.0,0.0,0.0
FOXF2,0.0,0.0,0.00362563,0.0
HES6,28.586,0.369,14.3258,0.300284
GSC2,0.0,0.0,0.0,0.0
EVX1,0.0,0.0,0.0,0.0
MNT,1.837,0.695,0.849196,2.97818
SPI1,12.521,4.017,3.5985,7.39118
TFAP2C,0.023,0.608,0.00810907,0.0147333
HOXB1,0.0,0.0,0.00599362,0.0
ESR1,0.002,0.069,0.0182974,0.0
FOSL2::JUNB,19.477,40.905,17.437388000000002,42.175071
NFATC4,2.146,1.274,0.107843,1.2798
ZBTB24,4.341,7.235,2.02577,4.15999
BARX2,0.0,0.502,0.00898239,0.0122892
ESR2,0.104,1.156,0.307199,0.11521
POU3F2,0.736,0.0,0.0890195,0.00834394
ZIM3,0.0,0.0,0.0312408,0.0252494
HSF2,37.405,24.026,2.70699,3.29664
ATF4,374.613,285.857,76.4795,91.2179
FOXL1,0.005,0.029,0.0,0.00566605
YY1,18.178,20.264,10.2429,10.7577
TEAD3,5.179,0.01,1.24507,0.0
ZNF384,15.235,17.353,0.869163,4.77696
SOX7,2.904,2.855,0.0156152,0.073689
ETS1,0.032,38.636,0.0249582,11.6227
ARNTL,0.065,11.355,0.150636,0.899649
ARNT,23.691,12.71,2.14729,3.48111
STAT2,21.061,35.392,2.10535,6.57115
BATF::JUN,7.396,69.929,5.609148,39.31954
ETV2,0.158,0.135,0.564438,0.157541
ZFP14,1.221,2.451,0.169901,0.334864
ZEB1,2.213,17.776,0.656542,1.52113
ZBTB7A,1.772,1.476,2.11861,7.77642
HEY1,4.467,1.357,0.864461,0.196561
ERG,0.001,0.0,0.0,0.0
EOMES,0.003,103.523,0.0,0.829025
NR1H2,22.664,13.034,9.22352,8.53738
DLX1,5.886,0.0,1.65659,0.0
ASCL1,0.04,55.39,0.0031762,7.39156
GCM2,0.023,0.0,0.00644112,0.0
IRF4,0.005,229.377,0.0335795,86.7646
ETS2,5.129,2.079,2.64453,1.99474
ZNF574,9.193,4.465,2.66773,4.78809
IRF6,0.444,0.329,0.0599016,0.0997346
HOXB8,2.497,0.004,0.845264,0.0382856
MEIS2,2.585,2.804,1.53425,2.67112
ZNF682,0.006,0.693,0.0,0.258495
TFEC,0.001,0.066,0.00698306,0.806581
POU3F1,0.035,0.132,0.0182113,0.179051
ONECUT2,0.837,0.001,0.132637,0.00609599
FOXP2,0.0,0.325,0.36745,0.626478
FOSB::JUNB,19.303,40.622,17.405068,42.044685
MYF5,0.0,0.0,0.0,0.0
STAT5A,78.451,16.834,28.3961,9.68861
PRRX2,0.025,0.0,0.0,0.0180343
POU1F1,0.0,0.0,0.0,0.0
ZNF263,5.033,5.813,4.48145,3.64428
ARGFX,0.0,0.0,0.0,0.0
POU2F1,7.156,11.126,0.713302,0.996347
HOXA9,0.004,0.0,0.0,0.0
HSF4,3.618,2.179,0.00010327,0.34078
ZNF281,11.754,8.123,2.25542,3.87096
HMX1,0.0,0.0,0.0,0.0
POU6F2,0.24,0.013,0.101743,0.0
ZNF610,0.011,0.226,0.0349561,0.103548
RFX7,7.216,12.459,0.739428,3.21271
HOXA11,0.009,0.0,0.0,0.0
HOXC4,0.385,3.177,0.0742225,2.13923
RFX6,0.003,0.0,0.0,0.0
FOXA1,0.688,0.0,0.0541574,0.0183386
ZNF680,3.281,2.986,1.23389,1.3739
DPRX,0.0,0.0,0.0,0.0
GLI3,0.004,0.001,0.0,0.00409348
MZF1,7.769,2.15,1.03528,0.777261
ETV5::FOXI1,6.085,1.988,1.80998,1.75089
NEUROD1,0.0,0.0,0.00873411,0.0331747
HLF,0.026,0.06,0.0230375,0.0429045
JUN,7.264,1.928,5.38302,3.09584
POU2F3,0.015,2.085,0.0635544,0.0856919
ZBTB14,7.17,14.125,1.06591,2.20302
NFATC1,0.931,0.689,0.30542,2.77404
TAL1::TCF3,62.376000000000005,17.935,24.877000000000002,15.7658573
ZIC4,0.007,0.0,0.0,0.0
ZIC2,1.362,0.0,0.815099,0.0141055
HOXD4,0.002,0.136,0.0,0.0
ZNF320,14.407,5.077,0.930875,0.260102
POU6F1,0.789,0.208,0.0382624,0.13239
GRHL2,0.0,0.002,0.0,0.0102904
SOX3,0.0,0.0,0.0,0.0
ETV4,23.728,6.841,7.94611,0.496549
HOXC10,0.067,0.012,0.0,0.0
DRGX,0.001,0.002,0.0,0.0
NR2C1,12.955,11.442,2.45783,1.41641
HMBOX1,27.414,14.66,1.56943,2.53063
NFAT5,15.618,27.492,0.381247,1.2489
CEBPG,33.139,25.603,6.68464,4.41995
PLAGL1,10.498,6.537,0.603591,0.65696
HOXA4,0.006,0.088,0.0,0.0
ZNF423,0.0,0.024,0.0,0.0910532
NR2F6,31.148,3.598,22.1709,4.62792
HOXA7,0.0,0.005,0.0,0.0
JDP2,0.744,1.39,2.06851,3.95322
REL,4.952,23.622,1.27487,9.05563
NFIA,4.121,0.005,1.76017,0.0317727
ZNF708,4.236,10.012,0.616877,1.67798
RUNX3,0.019,15.469,0.0530305,22.7581
ZSCAN21,9.589,7.397,1.92546,1.4316
SOX21,0.01,0.0,0.0,0.0
SP5,0.112,0.0,0.1894,0.0215674
IRF9,4.354,43.707,0.377951,16.0886
HOXA10,0.0,0.0,0.0,0.015706
ZNF16,2.47,2.192,0.557459,1.24785
FOXA2,0.052,0.01,0.220889,0.00894964
SOX13,0.027,0.036,0.0,0.0557883
HOXB6,1.56,0.022,1.16694,0.0952749
TCFL5,8.939,2.12,2.55636,2.61887
EN2,0.0,0.0,0.0,0.0
NR1H4,0.001,0.027,0.0607103,0.0507231
TBX2,0.0,0.0,0.0,0.0328354
NFE2,143.183,0.015,22.0521,0.0150609
KLF7,0.119,3.477,0.0116311,1.93368
BARHL1,0.0,0.0,0.0,0.0
XBP1,64.423,48.413,18.628,38.9875
ZBTB33,14.011,24.087,2.35017,5.27497
FLI1,0.0,7.652,0.0109743,12.7041
NFIB,0.466,0.016,0.54451,0.0292228
EGR2,0.064,22.747,0.0,6.01877
ZNF135,0.002,0.01,0.0,0.0379911
HAND1,0.0,0.0,0.0,0.180647
RXRA,1.137,1.612,2.03368,7.59537
PAX4,0.0,0.114,0.0,0.0218472
RORB,0.0,0.018,0.000767876,0.0149562
PROP1,0.0,0.0,0.0,0.0
LHX4,0.018,0.011,0.0,0.00346877
PBX3,0.619,73.572,0.0664527,3.29987
MEOX2,0.0,0.0,0.0,0.0
PAX6,0.504,0.002,0.218273,0.0340939
NR1D1,0.402,0.326,0.263448,1.22237
ELF1,21.775,53.556,3.44042,12.5822
PRRX1,0.001,16.23,0.00871873,0.28287
TGIF2LX,0.005,0.0,0.0,0.0
GATA6,0.063,0.002,0.0382747,0.027408
MAFG::NFE2L1,54.582,43.231,6.5954999999999995,11.47206
EN1,0.039,0.0,0.438059,0.0
TFAP4::ETV1,10.389,6.122,5.972609,6.6887847
GLIS2,0.75,0.428,0.181237,0.139173
ASCL2,0.112,0.0,0.320016,0.0
ONECUT1,0.0,0.0,0.0,0.0255207
ETV1,2.706,1.728,0.717459,0.0471847
NR2C2,5.868,4.517,1.43525,4.00155
HOXD12::ELK1,17.99,15.352,4.83544,10.9332
PRDM1,0.111,1.932,0.040128,0.859306
MAFB,0.0,0.0,0.0,0.00613645
FOSL2::JUN,7.604,2.293,5.569208,3.342111
ONECUT3,0.016,0.0,0.0479806,0.0560149
TFAP2A,0.058,0.095,0.0,0.0561617
TGIF2,14.393,27.512,3.03163,10.5581
EBF3,0.0,0.0,0.0,0.00702714
ZKSCAN5,9.593,7.35,0.984815,1.23614
ZNF418,0.161,0.818,0.126616,0.184487
ZBED4,5.026,5.195,1.83334,7.23899
FOXP3,0.09,0.038,0.0033085,0.0665542
ERF::SREBF2,58.803,59.696999999999996,8.52671,52.29254
ELK1::HOXA1,18.275,16.789,4.8673056,10.9440867
NKX2-4,0.0,0.0,0.0,0.0
STAT3,49.253,40.147,9.60887,16.6026
TCF12,18.785,14.758,3.48041,4.43476
ATF3,5.723,6.416,4.34104,1.53491
RFX4,0.0,0.0,0.0,0.0
ZNF582,1.535,0.382,0.276357,0.116247
SATB1,0.169,0.027,0.00446247,0.0957906
YY2,1.397,0.688,0.340454,0.377026
NANOG,0.004,0.022,0.0307584,0.193427
BCL11A,0.0,0.001,0.00613933,1.01452
MSC,0.0,22.661,0.043645,43.4362
ZNF675,10.704,13.674,1.73946,2.09607
OLIG2,0.0,0.0,0.0,0.00640221
TCF7,1.058,6.812,0.413321,8.17221
BHLHA15,0.322,0.0,0.932836,0.901017
TFCP2,25.179,20.151,2.52526,3.42028
ZNF770,29.231,28.289,4.50288,7.93428
RXRG,0.0,0.0,0.0,0.0
ETV2::FIGLA,0.158,0.135,0.564438,0.157541
ESRRG,0.0,0.0,0.0,0.0
GATA4,0.015,0.0,0.0153816,0.109355
PPARG,0.0,0.358,0.0,0.0152899
ATF2,49.266,38.064,2.21945,2.91142
THAP1,6.916,10.678,1.58562,2.41653
RELB,0.161,10.42,0.195349,8.02738
TCF7L1,0.008,0.0,0.148344,0.217814
TGIF1,7.009,0.237,3.61696,0.584821
USF1,27.842,20.019,9.75898,8.80848
FOXO1::ELK3,1.8079999999999998,10.917,0.5209102999999999,1.1839119999999999
GMEB1,3.271,3.154,0.770795,1.73211
HES1,5.306,0.298,8.98668,1.57801
CREB3L1,1.274,0.111,0.832271,0.315406
PLAGL2,7.189,5.407,0.947741,10.101
SPIC,0.0,1.687,0.0,0.0865675
RARA::RXRA,2.226,3.418,3.4447599999999996,10.78899
NPAS4,0.003,0.011,0.0,0.0
ZNF24,53.337,33.714,8.60597,4.13407
ERF,16.025,12.821,3.73392,7.59514
FOXK2,22.638,12.854,3.72933,6.46151
ZBTB18,2.699,8.941,0.275717,2.73295
PRDM5,0.0,0.033,0.100743,0.0937418
NOBOX,0.0,0.0,0.0,0.0
NFIX,1.516,0.17,0.791416,0.376568
KLF4,0.115,0.073,0.0513737,0.0896058
SOX6,0.68,0.032,0.834196,0.00903505
CLOCK,7.271,6.559,0.647743,1.13368
KLF2,0.031,0.248,0.0,3.87577
RORC,0.0,0.0,0.0,0.0137695
DLX3,0.0,0.0,0.0,0.0
ZIC5,0.956,0.0,0.370568,0.00555355
ZNF136,2.248,5.748,0.603676,1.4241
TFAP4,7.683,4.394,5.25515,6.6416
CREB3L4,10.378,4.871,0.68487,2.43716
SMAD3,8.551,10.271,1.99548,5.8523
ZNF684,2.903,2.359,0.417642,0.541616
HIF1A,7.263,37.511,1.78234,8.74179
PKNOX1,6.316,4.551,0.461717,1.59286
DBP,0.493,1.999,0.442527,1.22853
JUND,41.064,10.678,34.0302,50.2504
NR1I3,0.01,0.0,0.0,0.0321735
MYOG,0.0,0.0,0.0,0.0150025
CREB5,0.145,20.41,0.252403,9.04453
NR4A1,0.762,0.697,0.133871,0.917518
RARG,1.793,2.357,0.268919,1.46265
FOSL2,0.34,0.365,0.186188,0.246271
FOXL2,3.923,0.0,2.09911,0.0230427
NHLH1,0.442,0.147,0.0183166,0.291422
FOSL1::JUND,46.512,11.343,36.48639,51.199878
MIXL1,0.005,0.02,0.0902751,0.145389
ZNF410,10.698,12.452,2.07308,5.10637
SREBF1,20.77,3.709,7.85786,9.13616
POU2F2,0.078,12.228,0.0593551,6.63655
KLF16,4.942,1.325,3.31925,10.2569
MAX::MYC,109.525,66.366,50.86639,46.0617
TCF7L2,0.215,0.166,0.0600834,0.0499874
MSX2,0.0,0.0,0.0,0.00966432
TFAP2B,0.008,0.144,0.0,0.0229173
ERF::FIGLA,16.025,12.821,3.73392,7.59514
IRF2,8.823,56.776,1.62313,14.2098
ELF3,0.198,2.019,0.002742,0.170613
ATOH1,0.0,0.0,0.0,0.0
BATF,0.132,68.001,0.226128,36.2237
CEBPB,10.532,1.83,9.92741,2.45616
FOS,2.632,0.539,1.28108,0.0662641
ZNF549,0.354,4.179,0.0401697,0.587101
ARNT::HIF1A,30.954,50.221000000000004,3.92963,12.2229
MECOM,4.979,0.004,1.15327,0.012478
SOX5,2.548,0.302,2.72661,0.0601318
TCF21,0.0,0.0,0.00256345,0.0125669
HOXB9,113.801,0.553,17.8225,0.0578367
MLXIP,7.162,0.465,1.76273,3.82546
ZNF324,4.329,2.953,2.06027,2.59425
RARB,0.542,0.0,0.0210806,0.0
NR3C1,8.516,83.519,2.0792,13.4032
FOXJ2::ELF1,23.945,56.266999999999996,4.09001,15.07454
POU4F1,2.451,0.225,0.451164,0.0134801
HOXA13,0.001,0.0,0.0,0.0
PITX1,14.582,0.0,10.8628,0.244965
CTCF,24.774,29.844,5.05066,8.48328
ZNF211,6.816,13.136,0.547438,0.948316
VAX2,0.001,0.0,0.0,0.0425702
TBX15,0.019,7.623,0.394752,0.309462
IRF1,1.374,10.795,0.42991,12.3097
ZBTB17,18.488,10.663,6.73272,7.45225
ZFP57,0.024,0.006,0.0345351,0.0
NKX2-3,0.0,0.0,0.0,0.0
MTF1,7.068,7.184,0.284524,2.91888
RFX2,3.839,0.843,0.91117,0.823524
SNAI1,4.664,0.067,0.502702,0.120298
ZNF148,4.429,16.084,1.92197,6.35934
ELK1::SREBF2,60.768,62.227999999999994,9.62823,55.6306
KLF13,1.471,16.898,0.971456,22.7648
SP4,6.033,34.812,0.683253,2.77216
DDIT3::CEBPA,74.768,16.017,15.371965000000001,2.252807
HOXC9,1.734,0.0,2.50599,0.0152743
GCM1,0.036,0.08,0.0364723,0.0659173
FOS::JUN,9.896,2.467,6.6641,3.1621041
SIX2,0.0,0.0,0.0,0.0
ESRRB,11.625,0.495,1.65769,0.00686964
ETV5,6.085,1.988,1.80998,1.75089
ARX,0.005,0.0,0.00269284,0.0
TBX21,0.008,8.613,0.0,2.82833
MAX,22.247,28.012,4.54209,12.758
NKX2-8,0.0,0.0,0.0,0.0
HMX3,4.779,2.183,7.56391,21.4387
HOXD3,0.0,0.016,0.0,0.0
FOXB1,0.0,0.0,0.0,0.0213605
FOSL1::JUNB,24.585,41.205,19.70739,42.878278
HOXA6,0.003,0.049,0.0465578,0.0772749
FOSL1,5.448,0.665,2.45619,0.949478
NFYB,12.34,14.8,2.19863,3.73467
NEUROG1,0.0,0.0,0.0,0.0
TFAP4::FLI1,7.683,12.046,5.2661243,19.3457
ZNF677,0.023,0.0,0.177403,0.216261
MITF,4.793,0.398,1.26093,0.0588396
ISL2,3.512,0.08,2.63233,0.0
FOXP1,1.77,0.001,0.586092,0.140798
ZNF189,4.894,9.794,0.921731,1.92513
ELF2,15.143,7.839,4.12141,4.14974
ZNF274,27.038,12.175,3.96486,1.30098
ETV2::HOXB13,0.173,0.135,0.695684,0.23865979999999998
