trait,footprint,burden_p,driver_variant,driver_loo_p,driver_MAC,driver_ALLELE0,driver_ALLELE1
HC,chr16:88810600-88810618,9.45583749597545e-11,DRAGEN:chr16:88810611:G:A,0.21102893150627,486.0,G,A
HC,chr19:40807049-40807071,4.50287612913268e-10,DRAGEN:chr19:40807065:G:T,0.504045799649728,853.0,G,T
HC,chr16:234776-234784,8.71726001211562e-09,DRAGEN:chr16:234778:C:G,0.0513404888987521,543.0,C,G
HC,chr6:27131998-27132010,1.91509357830054e-07,DRAGEN:chr6:27132003:G:A,0.705615317674887,609.0,G,A
HC,chr7:100125924-100125951,2.66943899300235e-07,DRAGEN:chr7:100125929:GT:G,0.620090388835065,505.0,GT,G
HLDRC,chr16:88810600-88810618,9.71180603383292e-13,DRAGEN:chr16:88810611:G:A,0.670659375195726,473.0,G,A
HLDRC,chr17:76264938-76264961,5.32843902041198e-12,DRAGEN:chr17:76264955:A:G,0.977130118644881,586.0,A,G
HLDRC,chr6:139518237-139518267,2.54267000587543e-10,DRAGEN:chr6:139518262:G:A,0.96998674586215,767.0,G,A
HLSRP,chr17:76264938-76264961,1.72464613707426e-12,DRAGEN:chr17:76264955:A:G,0.941327616222154,586.0,A,G
HLSRP,chr6:139518237-139518267,7.23435805850637e-11,DRAGEN:chr6:139518262:G:A,0.892771874534936,767.0,G,A
HLSRP,chr16:88810600-88810618,2.04009316115368e-10,DRAGEN:chr16:88810611:G:A,0.707421084980797,473.0,G,A
HP,chr19:40807049-40807071,3.4978404842514e-11,DRAGEN:chr19:40807065:G:T,0.770044813333623,853.0,G,T
HP,chr7:100125924-100125951,1.14214173137547e-07,DRAGEN:chr7:100125929:GT:G,0.384379307486637,505.0,GT,G
IRF,chr17:76264938-76264961,6.15970622723562e-09,DRAGEN:chr17:76264955:A:G,0.918186704886049,586.0,A,G
IRF,chr6:139518237-139518267,8.24460778343957e-08,DRAGEN:chr6:139518262:G:A,0.859359930681588,767.0,G,A
MCH,chr16:234776-234784,1.47400854097379e-98,DRAGEN:chr16:234778:C:G,0.0213157196671691,543.0,C,G
MCH,chr16:234807-234822,1.78032790885374e-90,DRAGEN:chr16:234810:C:T,0.841004849336373,491.0,C,T
MCH,chr16:234844-234852,2.24698410364018e-76,DRAGEN:chr16:234850:G:C,0.180274790693762,611.0,G,C
MCH,chr16:180724-180738,4.69245374136439e-43,DRAGEN:chr16:180725:G:C,0.376960634694502,261.0,G,C
MCH,chr16:172995-173014,2.6983606814263e-38,DRAGEN:chr16:173004:AGAGGT:A,0.022772462731564,53.0,AGAGGT,A
MCH,chr16:318844-318863,1.5999263828686e-19,DRAGEN:chr16:318854:T:C,0.806593652502667,238.0,T,C
MCH,chr16:589088-589118,4.21405306391287e-17,DRAGEN:chr16:589115:G:A,0.407758478436266,256.0,G,A
MCH,chr6:27131998-27132010,5.24324317245637e-17,DRAGEN:chr6:27132003:G:A,0.976026928545328,609.0,G,A
MCH,chr16:622303-622332,3.3643409364323e-16,DRAGEN:chr16:622306:C:CG,2.55941081050161e-06,182.0,C,CG
MCH,chr16:156401-156424,5.56800991557862e-12,DRAGEN:chr16:156415:T:C,0.37845652731399,552.0,T,C
MCH,chr16:145010-145040,6.82181597938182e-12,DRAGEN:chr16:145021:C:T,0.137315638292508,719.0,C,T
MCH,chr16:156519-156549,1.61815455469835e-10,DRAGEN:chr16:156520:C:T,0.844214097215342,51.0,C,T
MCH,chr7:134316621-134316638,2.54249437052017e-08,DRAGEN:chr7:134316632:C:T,4.6009763404203e-06,11.0,C,T
MCH,chr11:3379254-3379274,1.55378169232565e-07,DRAGEN:chr11:3379262:G:GC,0.0217806080598648,181.0,G,GC
MCHC,chr16:234776-234784,1.20281822535565e-36,DRAGEN:chr16:234778:C:G,0.753820597501385,543.0,C,G
MCHC,chr16:234807-234822,1.56422779980909e-32,DRAGEN:chr16:234810:C:T,0.969360234627872,491.0,C,T
MCHC,chr16:234844-234852,8.52903703070569e-28,DRAGEN:chr16:234850:G:C,0.408687166207612,611.0,G,C
MCHC,chr16:180724-180738,8.73574603972149e-19,DRAGEN:chr16:180725:G:C,0.776515269190217,261.0,G,C
MCHC,chr16:172995-173014,1.05681750921366e-15,DRAGEN:chr16:173004:AGAGGT:A,0.296436720505918,53.0,AGAGGT,A
MCHC,chr7:134316621-134316638,5.31080065320695e-09,DRAGEN:chr7:134316632:C:T,2.09695929371664e-06,11.0,C,T
MCHC,chr16:318844-318863,2.26537446034476e-08,DRAGEN:chr16:318854:T:C,0.890943779560802,238.0,T,C
MCHC,chr16:145010-145040,1.46436722473786e-07,DRAGEN:chr16:145021:C:T,0.774597337740172,719.0,C,T
MCV,chr16:234776-234784,3.14919823960226e-89,DRAGEN:chr16:234778:C:G,0.0162940858430978,543.0,C,G
MCV,chr16:234807-234822,1.79225582269607e-82,DRAGEN:chr16:234810:C:T,0.731246836059816,491.0,C,T
MCV,chr16:234844-234852,5.08042447994844e-68,DRAGEN:chr16:234850:G:C,0.328850116461744,611.0,G,C
MCV,chr16:180724-180738,3.68553041852478e-37,DRAGEN:chr16:180725:G:C,0.643269558897012,261.0,G,C
MCV,chr16:172995-173014,9.92658806871032e-37,DRAGEN:chr16:173004:AGAGGT:A,0.0152226408105107,53.0,AGAGGT,A
MCV,chr16:589088-589118,5.83982724618931e-18,DRAGEN:chr16:589115:G:A,0.609337631317247,256.0,G,A
MCV,chr16:318844-318863,1.08292904004805e-17,DRAGEN:chr16:318854:T:C,0.562275292291227,238.0,T,C
MCV,chr16:622303-622332,1.09900583943252e-16,DRAGEN:chr16:622306:C:CG,7.50844493310874e-07,182.0,C,CG
MCV,chr16:145010-145040,4.02161044334213e-13,DRAGEN:chr16:145021:C:T,0.0561254711825243,719.0,C,T
MCV,chr6:27131998-27132010,4.46683592150963e-11,DRAGEN:chr6:27132003:G:A,0.985568535292574,609.0,G,A
MCV,chr16:156519-156549,2.25823950209918e-10,DRAGEN:chr16:156520:C:T,0.623268244265063,51.0,C,T
MCV,chr16:156401-156424,3.49929051828927e-09,DRAGEN:chr16:156415:T:C,0.406384373609341,552.0,T,C
MSCV,chr16:234776-234784,1.12927574420941e-11,DRAGEN:chr16:234778:C:G,0.106194494020814,528.0,C,G
MSCV,chr16:234807-234822,3.31512569811843e-11,DRAGEN:chr16:234810:C:T,0.733162089027211,476.0,C,T
MSCV,chr16:234844-234852,2.73552066546854e-09,DRAGEN:chr16:234850:G:C,0.940239949893104,596.0,G,C
MSCV,chr8:41792600-41792630,4.01430161368959e-08,DRAGEN:chr8:41792615:C:T,0.164038579561305,795.0,C,T
MSCV,chr16:172995-173014,1.23092048703221e-07,DRAGEN:chr16:173004:AGAGGT:A,0.183325551431686,50.0,AGAGGT,A
RBC,chr16:234807-234822,9.01363567078146e-51,DRAGEN:chr16:234810:C:T,0.0265956127067784,491.0,C,T
RBC,chr16:234776-234784,1.03371305235059e-47,DRAGEN:chr16:234778:C:G,0.0011714398668373,543.0,C,G
RBC,chr16:234844-234852,4.45553644067298e-39,DRAGEN:chr16:234850:G:C,0.25407503846526,611.0,G,C
RBC,chr16:180724-180738,1.03395110098238e-23,DRAGEN:chr16:180725:G:C,0.0223712370652524,261.0,G,C
RBC,chr16:172995-173014,8.98669495047529e-23,DRAGEN:chr16:173004:AGAGGT:A,0.121977857260615,53.0,AGAGGT,A
RBC,chr16:145010-145040,4.6784285368395e-14,DRAGEN:chr16:145021:C:T,0.163757424753329,719.0,C,T
RBC,chr16:589088-589118,1.17950558058401e-11,DRAGEN:chr16:589115:G:A,0.023415314751693,256.0,G,A
RBC,chr16:318844-318863,1.25860658605516e-10,DRAGEN:chr16:318854:T:C,0.0464632944578326,238.0,T,C
RBC,chr16:622303-622332,1.45157673843193e-10,DRAGEN:chr16:622306:C:CG,0.002849311953154,182.0,C,CG
RBC,chr7:100125924-100125951,1.12447550648739e-07,DRAGEN:chr7:100125929:GT:G,0.0153528851105815,505.0,GT,G
RBC,chr16:88810600-88810618,1.61175861413222e-07,DRAGEN:chr16:88810611:G:A,0.877084427005837,486.0,G,A
RBCDW,chr16:234807-234822,3.63831251239939e-13,DRAGEN:chr16:234810:C:T,0.411468885252334,491.0,C,T
RBCDW,chr16:234776-234784,3.25836701002009e-11,DRAGEN:chr16:234778:C:G,0.0331413350995288,543.0,C,G
RBCDW,chr16:234844-234852,1.22109653813805e-09,DRAGEN:chr16:234850:G:C,0.37968111827245,611.0,G,C
RBCDW,chr16:172995-173014,1.92459786639302e-08,DRAGEN:chr16:173004:AGAGGT:A,0.791507437279993,53.0,AGAGGT,A
RBCDW,chr16:180724-180738,3.45270918414332e-08,DRAGEN:chr16:180725:G:C,0.24604072609076,261.0,G,C
RC,chr16:88810600-88810618,4.83281310069531e-14,DRAGEN:chr16:88810611:G:A,0.872499727516181,473.0,G,A
RC,chr6:139518237-139518267,1.31552770877011e-07,DRAGEN:chr6:139518262:G:A,0.871406108527278,767.0,G,A
RC,chr14:63543473-63543503,2.59238798529136e-07,DRAGEN:chr14:63543502:G:A,0.0685598723005408,86.0,G,A
RP,chr16:88810600-88810618,2.65643993203001e-11,DRAGEN:chr16:88810611:G:A,0.836486815289545,473.0,G,A
RP,chr6:139518237-139518267,1.92530704507769e-08,DRAGEN:chr6:139518262:G:A,0.735085743537045,767.0,G,A
RP,chr16:234776-234784,7.05618567160992e-08,DRAGEN:chr16:234778:C:G,0.639888050392163,528.0,C,G
RP,chr17:76264938-76264961,8.12867949254615e-08,DRAGEN:chr17:76264955:A:G,0.904618364424814,586.0,A,G
