TF,motif_name_ref,motif_id_ref,p-value_ref,start_ref,end_ref,motif_name_alt,motif_id_alt,p-value_alt,start_alt,end_alt,rsID,foodie_id,TF_change,cell
AHR::ARNT,Ahr::Arnt-,MA0006.2-,0.0,34.0,39.0,Ahr::Arnt-,MA0006.2-,0.0,34.0,39.0,DRAGEN:chr11:3379262:G:GC,chr11:3379254-3379274,Unchange,K562
EGR1,,,,,,EGR1+,MA0162.5+,1.9073486328125e-06,35.0,45.0,DRAGEN:chr11:3379262:G:GC,chr11:3379254-3379274,Create,K562
EGR2,,,,,,EGR2+,MA0472.2+,3.0517578124999888e-05,35.0,46.0,DRAGEN:chr11:3379262:G:GC,chr11:3379254-3379274,Create,K562
EGR3,,,,,,EGR3+,MA0732.2+,5.483627319335908e-06,35.0,46.0,DRAGEN:chr11:3379262:G:GC,chr11:3379254-3379274,Create,K562
EGR4,,,,,,EGR4+,MA0733.2+,8.106231689453123e-06,35.0,46.0,DRAGEN:chr11:3379262:G:GC,chr11:3379254-3379274,Create,K562
ESR1,ESR1-,MA0112.4-,8.738320320844631e-05,27.0,42.0,ESR1-,MA0112.4-,8.738320320844631e-05,27.0,42.0,DRAGEN:chr11:3379262:G:GC,chr11:3379254-3379274,Unchange,K562
ESR2,ESR2+,MA0258.2+,6.0626305639743744e-05,27.0,42.0,ESR2+,MA0258.2+,6.0626305639743744e-05,27.0,42.0,DRAGEN:chr11:3379262:G:GC,chr11:3379254-3379274,Unchange,K562
KLF10,KLF10-,MA1511.2-,6.103515625000008e-05,33.0,42.0,KLF10-,MA1511.2-,6.103515625000008e-05,33.0,42.0,DRAGEN:chr11:3379262:G:GC,chr11:3379254-3379274,Unchange,K562
KLF11,,,,,,KLF11+,MA1512.2+,7.629394531249981e-06,33.0,43.0,DRAGEN:chr11:3379262:G:GC,chr11:3379254-3379274,Create,K562
KLF14,KLF14-,MA0740.2-,3.8146972656250034e-05,33.0,42.0,KLF14-,MA0740.2-,3.8146972656250034e-05,33.0,42.0,DRAGEN:chr11:3379262:G:GC,chr11:3379254-3379274,Unchange,K562
KLF16,KLF16+,MA0741.1+,1.192092895507812e-06,37.0,48.0,KLF16+,MA0741.1+,2.5272369384765588e-05,32.0,43.0,DRAGEN:chr11:3379262:G:GC,chr11:3379254-3379274,Decrease,K562
KLF5,KLF5+,MA0599.1+,1.9073486328125e-06,37.0,47.0,,,,,,DRAGEN:chr11:3379262:G:GC,chr11:3379254-3379274,Disrupt,K562
KLF6,KLF6+,MA1517.2+,9.918212890625003e-05,33.0,42.0,KLF6+,MA1517.2+,9.918212890625003e-05,33.0,42.0,DRAGEN:chr11:3379262:G:GC,chr11:3379254-3379274,Unchange,K562
KLF9,KLF9+,MA1107.3+,3.9577484130859294e-05,37.0,48.0,,,,,,DRAGEN:chr11:3379262:G:GC,chr11:3379254-3379274,Disrupt,K562
NFIX,NFIX-,MA1528.2-,5.631893873214711e-05,28.0,42.0,NFIX-,MA1528.2-,5.631893873214711e-05,28.0,42.0,DRAGEN:chr11:3379262:G:GC,chr11:3379254-3379274,Unchange,K562
PATZ1,PATZ1-,MA1961.2-,2.384185791015625e-07,37.0,48.0,,,,,,DRAGEN:chr11:3379262:G:GC,chr11:3379254-3379274,Disrupt,K562
PRDM9,,,,,,PRDM9-,MA1723.2-,6.708431101287716e-05,32.0,52.0,DRAGEN:chr11:3379262:G:GC,chr11:3379254-3379274,Create,K562
SP3,SP3+,MA0746.3+,1.9073486328124953e-06,37.0,48.0,SP3+,MA0746.3+,1.955032348632803e-05,32.0,43.0,DRAGEN:chr11:3379262:G:GC,chr11:3379254-3379274,Decrease,K562
SP9,,,,,,SP9+,MA1564.2+,9.536743164062473e-06,33.0,43.0,DRAGEN:chr11:3379262:G:GC,chr11:3379254-3379274,Create,K562
WT1,,,,,,Wt1+,MA1627.2+,9.53674316406248e-05,35.0,45.0,DRAGEN:chr11:3379262:G:GC,chr11:3379254-3379274,Create,K562
ZBED4,ZBED4+,MA2328.1+,1.5258789062499963e-05,34.0,44.0,,,,,,DRAGEN:chr11:3379262:G:GC,chr11:3379254-3379274,Disrupt,K562
ZNF460,,,,,,ZNF460+,MA1596.1+,4.30073123425244e-05,37.0,53.0,DRAGEN:chr11:3379262:G:GC,chr11:3379254-3379274,Create,K562
ZSCAN31,,,,,,ZSCAN31+,MA1722.2+,9.661859076004483e-05,30.0,48.0,DRAGEN:chr11:3379262:G:GC,chr11:3379254-3379274,Create,K562
E2F1,,,,,,E2F1-,MA0024.3-,9.328126907348627e-05,48.0,60.0,DRAGEN:chr14:63543502:G:A,chr14:63543473-63543503,Create,K562
E2F7,,,,,,E2F7-,MA0758.1-,5.344673991203317e-05,47.0,61.0,DRAGEN:chr14:63543502:G:A,chr14:63543473-63543503,Create,K562
E2F8,,,,,,E2F8-,MA0865.3-,3.8146972656250034e-05,50.0,59.0,DRAGEN:chr14:63543502:G:A,chr14:63543473-63543503,Create,K562
ZIC5,ZIC5-,MA1584.2-,7.464643567800525e-05,50.0,65.0,,,,,,DRAGEN:chr14:63543502:G:A,chr14:63543473-63543503,Disrupt,K562
ZNF93,ZNF93+,MA1721.2+,9.081885218620284e-05,45.0,59.0,,,,,,DRAGEN:chr14:63543502:G:A,chr14:63543473-63543503,Disrupt,K562
EWSR1-FLI1,,,,,,EWSR1-FLI1-,MA0149.1-,7.000965706538432e-05,34.0,52.0,DRAGEN:chr16:145021:C:T,chr16:145010-145040,Create,K562
HNF4A,HNF4A-,MA1494.2-,2.9344111680984494e-05,40.0,54.0,HNF4A-,MA1494.2-,1.853704452514647e-05,40.0,54.0,DRAGEN:chr16:145021:C:T,chr16:145010-145040,Increase,K562
HNF4G,,,,,,HNF4G-,MA0484.3-,4.196166992187497e-05,40.0,49.0,DRAGEN:chr16:145021:C:T,chr16:145010-145040,Create,K562
NR1H2::RXRA,,,,,,NR1H2::RXRA-,MA0115.1-,5.627726204693332e-05,38.0,55.0,DRAGEN:chr16:145021:C:T,chr16:145010-145040,Create,K562
NR2C2,NR2C2-,MA0504.2-,5.560368299484245e-05,40.0,54.0,NR2C2-,MA0504.2-,2.4791806936263984e-05,40.0,54.0,DRAGEN:chr16:145021:C:T,chr16:145010-145040,Increase,K562
NR2F1,,,,,,NR2F1-,MA1537.2-,6.067752838134751e-05,40.0,53.0,DRAGEN:chr16:145021:C:T,chr16:145010-145040,Create,K562
NR2F6,Nr2f6-,MA0677.2-,7.261335849761938e-05,40.0,53.0,Nr2f6-,MA0677.2-,1.487135887145992e-05,40.0,53.0,DRAGEN:chr16:145021:C:T,chr16:145010-145040,Increase,K562
NR4A1,,,,,,NR4A1-,MA1112.3-,4.57763671875e-05,40.0,48.0,DRAGEN:chr16:145021:C:T,chr16:145010-145040,Create,K562
PPARD,,,,,,PPARD-,MA1550.2-,5.912035703659056e-05,40.0,54.0,DRAGEN:chr16:145021:C:T,chr16:145010-145040,Create,K562
PPARG::RXRA,Pparg::Rxra-,MA0065.3-,4.8056244850158644e-05,40.0,53.0,Pparg::Rxra-,MA0065.3-,1.8924474716186496e-06,40.0,53.0,DRAGEN:chr16:145021:C:T,chr16:145010-145040,Increase,K562
RXRA,Rxra-,MA0512.2-,7.517635822296143e-05,40.0,54.0,Rxra-,MA0512.2-,2.0157545804977397e-05,40.0,54.0,DRAGEN:chr16:145021:C:T,chr16:145010-145040,Increase,K562
RXRB,,,,,,RXRB-,MA0855.1-,7.740035653114313e-05,40.0,54.0,DRAGEN:chr16:145021:C:T,chr16:145010-145040,Create,K562
RXRG,,,,,,RXRG-,MA0856.1-,6.900355219840994e-05,40.0,54.0,DRAGEN:chr16:145021:C:T,chr16:145010-145040,Create,K562
ESRRG,Esrrg-,MA0643.2-,8.010864257812497e-05,38.0,47.0,,,,,,DRAGEN:chr16:156415:T:C,chr16:156401-156424,Disrupt,K562
FEZF2,,,,,,FEZF2+,MA2341.1+,3.0517578125e-05,43.0,51.0,DRAGEN:chr16:156415:T:C,chr16:156401-156424,Create,K562
PPARA::RXRA,PPARA::RXRA-,MA1148.2-,9.512045653536912e-05,38.0,55.0,,,,,,DRAGEN:chr16:156415:T:C,chr16:156401-156424,Disrupt,K562
THAP1,THAP1-,MA0597.3-,7.629394531249997e-05,38.0,46.0,,,,,,DRAGEN:chr16:156415:T:C,chr16:156401-156424,Disrupt,K562
ZBTB6,ZBTB6+,MA1581.2+,9.918212890625003e-05,41.0,50.0,,,,,,DRAGEN:chr16:156415:T:C,chr16:156401-156424,Disrupt,K562
PITX2,PITX2+,MA1547.2+,6.103515625e-05,30.0,38.0,PITX2+,MA1547.2+,4.57763671875e-05,30.0,38.0,DRAGEN:chr16:156520:C:T,chr16:156519-156549,Increase,K562
RARA,RARA+,MA0730.1+,4.491413710638866e-05,35.0,52.0,,,,,,DRAGEN:chr16:173004:AGAGGT:A,chr16:172995-173014,Disrupt,K562
ZFP14,ZFP14+,MA1972.1+,8.940696716308582e-08,33.0,48.0,ZFP14+,MA1972.1+,8.940696716308582e-08,33.0,48.0,DRAGEN:chr16:173004:AGAGGT:A,chr16:172995-173014,Unchange,K562
ZKSCAN5,ZKSCAN5+,MA1652.2+,3.4332275390625034e-05,44.0,53.0,,,,,,DRAGEN:chr16:173004:AGAGGT:A,chr16:172995-173014,Disrupt,K562
EGR3,,,,,,EGR3+,MA0732.2+,8.177757263183577e-05,27.0,38.0,DRAGEN:chr16:180725:G:C,chr16:180724-180738,Create,K562
KLF11,,,,,,KLF11+,MA1512.2+,9.346008300781234e-05,25.0,35.0,DRAGEN:chr16:180725:G:C,chr16:180724-180738,Create,K562
KLF12,,,,,,KLF12-,MA0742.2-,2.2888183593750027e-05,25.0,34.0,DRAGEN:chr16:180725:G:C,chr16:180724-180738,Create,K562
KLF16,,,,,,KLF16+,MA0741.1+,3.0517578124999963e-05,24.0,35.0,DRAGEN:chr16:180725:G:C,chr16:180724-180738,Create,K562
PATZ1,,,,,,PATZ1-,MA1961.2-,3.5762786865234227e-06,24.0,35.0,DRAGEN:chr16:180725:G:C,chr16:180724-180738,Create,K562
SP2,,,,,,SP2-,MA0516.3-,1.9073486328125017e-05,25.0,34.0,DRAGEN:chr16:180725:G:C,chr16:180724-180738,Create,K562
SP3,,,,,,SP3+,MA0746.3+,1.7881393432617106e-05,24.0,35.0,DRAGEN:chr16:180725:G:C,chr16:180724-180738,Create,K562
SP8,,,,,,SP8+,MA0747.2+,5.76972961425782e-05,25.0,36.0,DRAGEN:chr16:180725:G:C,chr16:180724-180738,Create,K562
SP9,,,,,,SP9+,MA1564.2+,3.623962402343749e-05,25.0,35.0,DRAGEN:chr16:180725:G:C,chr16:180724-180738,Create,K562
ZNF148,,,,,,ZNF148+,MA1653.2+,5.3405761718750054e-05,25.0,35.0,DRAGEN:chr16:180725:G:C,chr16:180724-180738,Create,K562
ZNF257,,,,,,ZNF257-,MA1710.2-,8.964538574218751e-05,24.0,34.0,DRAGEN:chr16:180725:G:C,chr16:180724-180738,Create,K562
ZNF281,,,,,,ZNF281-,MA1630.3-,1.6212463378906206e-05,25.0,35.0,DRAGEN:chr16:180725:G:C,chr16:180724-180738,Create,K562
ZNF460,,,,,,ZNF460+,MA1596.1+,4.131835885345925e-05,23.0,39.0,DRAGEN:chr16:180725:G:C,chr16:180724-180738,Create,K562
EGR1,EGR1+,MA0162.5+,5.722045898437507e-06,28.0,38.0,,,,,,DRAGEN:chr16:234778:C:G,chr16:234776-234784,Disrupt,K562
EGR2,EGR2+,MA0472.2+,4.434585571289045e-05,28.0,39.0,,,,,,DRAGEN:chr16:234778:C:G,chr16:234776-234784,Disrupt,K562
EGR3,EGR3+,MA0732.2+,7.390975952148409e-06,28.0,39.0,,,,,,DRAGEN:chr16:234778:C:G,chr16:234776-234784,Disrupt,K562
EGR4,EGR4+,MA0733.2+,1.0728836059570306e-05,28.0,39.0,,,,,,DRAGEN:chr16:234778:C:G,chr16:234776-234784,Disrupt,K562
ELK1,,,,,,ELK1-,MA0028.3-,5.3405761718750054e-05,24.0,33.0,DRAGEN:chr16:234778:C:G,chr16:234776-234784,Create,K562
ELK3,,,,,,ELK3-,MA0759.3-,4.5776367187500054e-05,24.0,33.0,DRAGEN:chr16:234778:C:G,chr16:234776-234784,Create,K562
ELK4,ELK4+,MA0076.3+,9.536743164062492e-05,23.0,32.0,ELK4+,MA0076.3+,1.9073486328124993e-05,23.0,32.0,DRAGEN:chr16:234778:C:G,chr16:234776-234784,Increase,K562
ERF,,,,,,ERF-,MA0760.2-,4.196166992187503e-05,24.0,33.0,DRAGEN:chr16:234778:C:G,chr16:234776-234784,Create,K562
ETS1,,,,,,ETS1-,MA0098.4-,3.4332275390625034e-05,24.0,33.0,DRAGEN:chr16:234778:C:G,chr16:234776-234784,Create,K562
ETS2,,,,,,ETS2-,MA1484.2-,8.773803710937496e-05,24.0,33.0,DRAGEN:chr16:234778:C:G,chr16:234776-234784,Create,K562
ETV2,,,,,,ETV2-,MA0762.2-,7.247924804687508e-05,24.0,33.0,DRAGEN:chr16:234778:C:G,chr16:234776-234784,Create,K562
ETV3,,,,,,ETV3-,MA0763.2-,7.247924804687499e-05,24.0,33.0,DRAGEN:chr16:234778:C:G,chr16:234776-234784,Create,K562
ETV4,,,,,,ETV4-,MA0764.4-,5.3405761718749986e-05,24.0,33.0,DRAGEN:chr16:234778:C:G,chr16:234776-234784,Create,K562
ETV5,,,,,,ETV5-,MA0765.4-,5.3405761718750054e-05,24.0,33.0,DRAGEN:chr16:234778:C:G,chr16:234776-234784,Create,K562
ETV6,ETV6-,MA0645.2-,4.5776367187500054e-05,23.0,32.0,ETV6-,MA0645.2-,8.773803710937507e-05,23.0,32.0,DRAGEN:chr16:234778:C:G,chr16:234776-234784,Decrease,K562
ETV7,ETV7-,MA1708.2-,1.525878906250002e-05,23.0,32.0,ETV7-,MA1708.2-,3.051757812500004e-05,23.0,32.0,DRAGEN:chr16:234778:C:G,chr16:234776-234784,Decrease,K562
FEV,,,,,,FEV-,MA0156.4-,3.4332275390625034e-05,24.0,33.0,DRAGEN:chr16:234778:C:G,chr16:234776-234784,Create,K562
FLI1,,,,,,FLI1-,MA0475.3-,3.4332275390625034e-05,24.0,33.0,DRAGEN:chr16:234778:C:G,chr16:234776-234784,Create,K562
KLF14,KLF14-,MA0740.2-,8.773803710937507e-05,26.0,35.0,,,,,,DRAGEN:chr16:234778:C:G,chr16:234776-234784,Disrupt,K562
KLF16,,,,,,KLF16+,MA0741.1+,8.535385131835916e-05,31.0,42.0,DRAGEN:chr16:234778:C:G,chr16:234776-234784,Create,K562
KLF3,,,,,,KLF3+,MA1516.2+,4.57763671875e-05,30.0,40.0,DRAGEN:chr16:234778:C:G,chr16:234776-234784,Create,K562
PATZ1,PATZ1-,MA1961.2-,1.9073486328124953e-06,31.0,42.0,PATZ1-,MA1961.2-,2.6226043701171795e-06,31.0,42.0,DRAGEN:chr16:234778:C:G,chr16:234776-234784,Decrease,K562
SP1,SP1-,MA0079.5-,3.433227539062499e-05,26.0,35.0,,,,,,DRAGEN:chr16:234778:C:G,chr16:234776-234784,Disrupt,K562
SP2,SP2-,MA0516.3-,4.9591064453125075e-05,26.0,35.0,,,,,,DRAGEN:chr16:234778:C:G,chr16:234776-234784,Disrupt,K562
SP3,,,,,,SP3+,MA0746.3+,7.963180541992186e-05,31.0,42.0,DRAGEN:chr16:234778:C:G,chr16:234776-234784,Create,K562
WT1,Wt1+,MA1627.2+,3.433227539062495e-05,28.0,38.0,,,,,,DRAGEN:chr16:234778:C:G,chr16:234776-234784,Disrupt,K562
ZBED4,,,,,,ZBED4+,MA2328.1+,7.629394531249981e-06,28.0,38.0,DRAGEN:chr16:234778:C:G,chr16:234776-234784,Create,K562
ZBTB11,,,,,,ZBTB11+,MA2329.1+,4.5776367187500054e-05,23.0,32.0,DRAGEN:chr16:234778:C:G,chr16:234776-234784,Create,K562
ZBTB7A,,,,,,ZBTB7A-,MA0750.3-,6.866455078125007e-05,23.0,32.0,DRAGEN:chr16:234778:C:G,chr16:234776-234784,Create,K562
ZNF140,ZNF140-,MA1589.2-,6.059635416022507e-05,17.0,36.0,,,,,,DRAGEN:chr16:234778:C:G,chr16:234776-234784,Disrupt,K562
ZNF281,ZNF281-,MA1630.3-,8.10623168945314e-05,26.0,36.0,,,,,,DRAGEN:chr16:234778:C:G,chr16:234776-234784,Disrupt,K562
CREB3L4,CREB3L4+,MA1475.2+,5.722045898437504e-05,25.0,34.0,,,,,,DRAGEN:chr16:234810:C:T,chr16:234807-234822,Disrupt,K562
CTCF,CTCF+,MA0139.2+,5.233101546764364e-06,27.0,42.0,CTCF+,MA0139.2+,6.693415343761427e-06,27.0,42.0,DRAGEN:chr16:234810:C:T,chr16:234807-234822,Decrease,K562
CTCFL,CTCFL+,MA1102.3+,1.52587890625e-05,32.0,40.0,CTCFL+,MA1102.3+,4.57763671875e-05,32.0,40.0,DRAGEN:chr16:234810:C:T,chr16:234807-234822,Decrease,K562
ELK1::SREBF2,ELK1::SREBF2+,MA1933.2+,7.137656211853008e-06,19.0,34.0,ELK1::SREBF2+,MA1933.2+,7.539056241512282e-06,19.0,34.0,DRAGEN:chr16:234810:C:T,chr16:234807-234822,Decrease,K562
FOSL1::JUND,FOSL1::JUND+,MA1143.2+,6.866455078125007e-05,25.0,34.0,,,,,,DRAGEN:chr16:234810:C:T,chr16:234807-234822,Disrupt,K562
FOSL2::JUN,FOSL2::JUN+,MA1131.2+,8.10623168945312e-05,25.0,35.0,,,,,,DRAGEN:chr16:234810:C:T,chr16:234807-234822,Disrupt,K562
PLAG1,,,,,,PLAG1+,MA0163.1+,9.151175618171649e-05,25.0,39.0,DRAGEN:chr16:234810:C:T,chr16:234807-234822,Create,K562
ETV2::FIGLA,ETV2::FIGLA+,MA1941.2+,6.2897801399231e-05,33.0,46.0,,,,,,DRAGEN:chr16:234850:G:C,chr16:234844-234852,Disrupt,K562
ETV5::FIGLA,ETV5::FIGLA+,MA1945.2+,4.186481237411496e-05,32.0,46.0,,,,,,DRAGEN:chr16:234850:G:C,chr16:234844-234852,Disrupt,K562
NHLH2,NHLH2+,MA1529.2+,9.759631939232364e-05,35.0,51.0,,,,,,DRAGEN:chr16:234850:G:C,chr16:234844-234852,Disrupt,K562
PRDM9,PRDM9+,MA1723.2+,5.539267658605231e-05,26.0,46.0,,,,,,DRAGEN:chr16:234850:G:C,chr16:234844-234852,Disrupt,K562
TFAP4::ETV1,TFAP4::ETV1+,MA1966.2+,6.724894046783446e-05,33.0,46.0,,,,,,DRAGEN:chr16:234850:G:C,chr16:234844-234852,Disrupt,K562
ZFX,Zfx-,MA0146.3-,2.8610229492187534e-06,28.0,38.0,,,,,,DRAGEN:chr16:234850:G:C,chr16:234844-234852,Disrupt,K562
ZNF460,ZNF460-,MA1596.1-,6.918469443917258e-05,22.0,38.0,,,,,,DRAGEN:chr16:234850:G:C,chr16:234844-234852,Disrupt,K562
ZNF93,ZNF93+,MA1721.2+,3.304332494735709e-06,29.0,43.0,ZNF93+,MA1721.2+,3.1270086765289246e-05,29.0,43.0,DRAGEN:chr16:234850:G:C,chr16:234844-234852,Decrease,K562
PLAGL2,,,,,,PLAGL2-,MA1548.2-,9.1552734375e-05,32.0,40.0,DRAGEN:chr16:318854:T:C,chr16:318844-318863,Create,K562
ZFX,Zfx+,MA0146.3+,2.670288085937496e-05,30.0,40.0,,,,,,DRAGEN:chr16:318854:T:C,chr16:318844-318863,Disrupt,K562
EPAS1,EPAS1+,MA2325.1+,8.773803710937507e-05,48.0,57.0,,,,,,DRAGEN:chr16:589115:G:A,chr16:589088-589118,Disrupt,K562
CTCF,CTCF+,MA1930.2+,9.578706257530285e-06,8.0,41.0,CTCF+,MA1930.2+,9.920495674209456e-05,8.0,41.0,DRAGEN:chr16:622306:C:CG,chr16:622303-622332,Decrease,K562
EGR1,EGR1-,MA0162.5-,7.724761962890622e-05,31.0,41.0,,,,,,DRAGEN:chr16:622306:C:CG,chr16:622303-622332,Disrupt,K562
GLIS2,,,,,,GLIS2-,MA0736.1-,4.616752266883841e-05,27.0,41.0,DRAGEN:chr16:622306:C:CG,chr16:622303-622332,Create,K562
PATZ1,PATZ1+,MA1961.2+,8.583068847656228e-06,27.0,38.0,PATZ1+,MA1961.2+,8.583068847656228e-06,27.0,38.0,DRAGEN:chr16:622306:C:CG,chr16:622303-622332,Unchange,K562
ZNF320,ZNF320+,MA1976.2+,9.153942210104984e-05,31.0,51.0,,,,,,DRAGEN:chr16:622306:C:CG,chr16:622303-622332,Disrupt,K562
ZNF701,ZNF701+,MA1987.2+,4.383758641779432e-05,25.0,42.0,ZNF701+,MA1987.2+,7.097527850419288e-05,25.0,42.0,DRAGEN:chr16:622306:C:CG,chr16:622303-622332,Decrease,K562
ZNF740,,,,,,ZNF740-,MA0753.3-,4.386901855468748e-05,31.0,41.0,DRAGEN:chr16:622306:C:CG,chr16:622303-622332,Create,K562
ZNF324,,,,,,ZNF324+,MA1977.2+,6.39893114566803e-05,35.0,49.0,DRAGEN:chr16:88810611:G:A,chr16:88810600-88810618,Create,K562
CTCF,CTCF-,MA0139.2-,2.6263296604156354e-06,32.0,47.0,CTCF-,MA0139.2-,2.336036413907999e-05,32.0,47.0,DRAGEN:chr19:40807065:G:T,chr19:40807049-40807071,Decrease,K562
ZNF701,,,,,,ZNF701-,MA1987.2-,8.957425598055131e-05,33.0,50.0,DRAGEN:chr19:40807065:G:T,chr19:40807049-40807071,Create,K562
ESR1,ESR1+,MA0112.4+,4.554726183414468e-05,53.0,68.0,,,,,,DRAGEN:chr6:139518262:G:A,chr6:139518237-139518267,Disrupt,K562
ESR2,ESR2-,MA0258.2-,6.412249058485016e-05,53.0,68.0,,,,,,DRAGEN:chr6:139518262:G:A,chr6:139518237-139518267,Disrupt,K562
THRB,,,,,,THRB+,MA1576.2+,3.585884405765681e-05,52.0,70.0,DRAGEN:chr6:139518262:G:A,chr6:139518237-139518267,Create,K562
EGR1,EGR1-,MA0162.5-,8.96453857421874e-05,29.0,39.0,,,,,,DRAGEN:chr6:27132003:G:A,chr6:27131998-27132010,Disrupt,K562
KLF15,KLF15-,MA1513.2-,3.0517578125e-05,29.0,37.0,,,,,,DRAGEN:chr6:27132003:G:A,chr6:27131998-27132010,Disrupt,K562
SP2,SP2+,MA0516.3+,4.5776367187500054e-05,28.0,37.0,,,,,,DRAGEN:chr6:27132003:G:A,chr6:27131998-27132010,Disrupt,K562
EWSR1-FLI1,EWSR1-FLI1-,MA0149.1-,3.8389654946513596e-05,26.0,44.0,EWSR1-FLI1-,MA0149.1-,9.42600308917467e-06,26.0,44.0,DRAGEN:chr7:134316632:C:T,chr7:134316621-134316638,Increase,K562
KLF1,KLF1-,MA0493.3-,1.52587890625e-05,40.0,48.0,,,,,,DRAGEN:chr7:134316632:C:T,chr7:134316621-134316638,Disrupt,K562
KLF10,KLF10-,MA1511.2-,3.814697265625e-06,40.0,49.0,KLF10-,MA1511.2-,3.4332275390625034e-05,40.0,49.0,DRAGEN:chr7:134316632:C:T,chr7:134316621-134316638,Decrease,K562
KLF12,KLF12-,MA0742.2-,3.814697265625e-06,40.0,49.0,,,,,,DRAGEN:chr7:134316632:C:T,chr7:134316621-134316638,Disrupt,K562
KLF14,KLF14-,MA0740.2-,3.814697265625e-06,40.0,49.0,KLF14-,MA0740.2-,1.525878906250002e-05,40.0,49.0,DRAGEN:chr7:134316632:C:T,chr7:134316621-134316638,Decrease,K562
KLF15,KLF15+,MA1513.2+,1.52587890625e-05,40.0,48.0,KLF15+,MA1513.2+,3.0517578125e-05,40.0,48.0,DRAGEN:chr7:134316632:C:T,chr7:134316621-134316638,Decrease,K562
KLF16,KLF16+,MA0741.1+,9.489059448242158e-05,39.0,50.0,,,,,,DRAGEN:chr7:134316632:C:T,chr7:134316621-134316638,Disrupt,K562
KLF2,KLF2+,MA1515.2+,4.57763671875e-05,40.0,48.0,,,,,,DRAGEN:chr7:134316632:C:T,chr7:134316621-134316638,Disrupt,K562
KLF4,KLF4+,MA0039.5+,4.57763671875e-05,40.0,48.0,,,,,,DRAGEN:chr7:134316632:C:T,chr7:134316621-134316638,Disrupt,K562
KLF5,KLF5+,MA0599.1+,1.9073486328125e-06,39.0,49.0,KLF5+,MA0599.1+,3.623962402343749e-05,39.0,49.0,DRAGEN:chr7:134316632:C:T,chr7:134316621-134316638,Decrease,K562
KLF6,KLF6+,MA1517.2+,8.392333984375005e-05,40.0,49.0,,,,,,DRAGEN:chr7:134316632:C:T,chr7:134316621-134316638,Disrupt,K562
KLF7,KLF7-,MA1959.2-,1.52587890625e-05,40.0,48.0,,,,,,DRAGEN:chr7:134316632:C:T,chr7:134316621-134316638,Disrupt,K562
PATZ1,PATZ1-,MA1961.2-,1.192092895507812e-06,39.0,50.0,PATZ1-,MA1961.2-,2.8133392333984294e-05,39.0,50.0,DRAGEN:chr7:134316632:C:T,chr7:134316621-134316638,Decrease,K562
PRDM9,PRDM9-,MA1723.2-,3.921923416783103e-05,31.0,51.0,,,,,,DRAGEN:chr7:134316632:C:T,chr7:134316621-134316638,Disrupt,K562
SP1,SP1-,MA0079.5-,3.814697265625e-06,40.0,49.0,SP1-,MA0079.5-,1.525878906250002e-05,40.0,49.0,DRAGEN:chr7:134316632:C:T,chr7:134316621-134316638,Decrease,K562
SP2,SP2-,MA0516.3-,3.814697265625e-06,40.0,49.0,SP2-,MA0516.3-,7.62939453125e-06,40.0,49.0,DRAGEN:chr7:134316632:C:T,chr7:134316621-134316638,Decrease,K562
SP3,SP3+,MA0746.3+,2.7179718017577983e-05,39.0,50.0,,,,,,DRAGEN:chr7:134316632:C:T,chr7:134316621-134316638,Disrupt,K562
SP4,SP4-,MA0685.2-,3.814697265625e-06,40.0,49.0,,,,,,DRAGEN:chr7:134316632:C:T,chr7:134316621-134316638,Disrupt,K562
SP9,SP9+,MA1564.2+,5.722045898437497e-05,40.0,50.0,,,,,,DRAGEN:chr7:134316632:C:T,chr7:134316621-134316638,Disrupt,K562
TFDP1,,,,,,TFDP1-,MA1122.2-,6.103515625e-05,39.0,47.0,DRAGEN:chr7:134316632:C:T,chr7:134316621-134316638,Create,K562
ZBED4,ZBED4+,MA2328.1+,5.722045898437492e-06,36.0,46.0,,,,,,DRAGEN:chr7:134316632:C:T,chr7:134316621-134316638,Disrupt,K562
ZNF148,ZNF148+,MA1653.2+,2.384185791015626e-05,40.0,50.0,,,,,,DRAGEN:chr7:134316632:C:T,chr7:134316621-134316638,Disrupt,K562
KLF15,KLF15+,MA1513.2+,3.0517578125e-05,37.0,45.0,,,,,,DRAGEN:chr8:41792615:C:T,chr8:41792600-41792630,Disrupt,K562
PATZ1,PATZ1-,MA1961.2-,3.1232833862304606e-05,36.0,47.0,PATZ1-,MA1961.2-,7.510185241699212e-05,36.0,47.0,DRAGEN:chr8:41792615:C:T,chr8:41792600-41792630,Decrease,K562
