rsID,max_PIP,Chromosome,Start,End,A1,A2,TF,TF_change,p-value_ref,p-value_alt,TF_K562_rna_tpm,TargetGene,ABC.Score.FP,trait,PIP
rs11735662,1.0,chr4,144104972,144104973,T,C,KLF6,Disrupt,8.773803710937507e-05,,0.918518,GYPA,0.0082337033330692,HLDRC,1.0
rs11735662,1.0,chr4,144104972,144104973,T,C,KLF6,Disrupt,8.773803710937507e-05,,0.918518,GYPA,0.0082337033330692,HLSRP,1.0
rs11735662,1.0,chr4,144104972,144104973,T,C,KLF6,Disrupt,8.773803710937507e-05,,0.918518,GYPA,0.0082337033330692,MCH,1.0
rs11735662,1.0,chr4,144104972,144104973,T,C,KLF6,Disrupt,8.773803710937507e-05,,0.918518,GYPA,0.0082337033330692,MCHC,0.999996
rs11735662,1.0,chr4,144104972,144104973,T,C,KLF6,Disrupt,8.773803710937507e-05,,0.918518,GYPA,0.0082337033330692,MSCV,0.999996
rs11735662,1.0,chr4,144104972,144104973,T,C,KLF6,Disrupt,8.773803710937507e-05,,0.918518,GYPA,0.0082337033330692,RC,1.0
rs11735662,1.0,chr4,144104972,144104973,T,C,KLF6,Disrupt,8.773803710937507e-05,,0.918518,GYPA,0.0082337033330692,RP,1.0
rs11735662,1.0,chr4,144104972,144104973,T,C,RREB1,Disrupt,5.167011477169567e-05,,1.64492,GYPA,0.0082337033330692,HLDRC,1.0
rs11735662,1.0,chr4,144104972,144104973,T,C,RREB1,Disrupt,5.167011477169567e-05,,1.64492,GYPA,0.0082337033330692,HLSRP,1.0
rs11735662,1.0,chr4,144104972,144104973,T,C,RREB1,Disrupt,5.167011477169567e-05,,1.64492,GYPA,0.0082337033330692,MCH,1.0
rs11735662,1.0,chr4,144104972,144104973,T,C,RREB1,Disrupt,5.167011477169567e-05,,1.64492,GYPA,0.0082337033330692,MCHC,0.999996
rs11735662,1.0,chr4,144104972,144104973,T,C,RREB1,Disrupt,5.167011477169567e-05,,1.64492,GYPA,0.0082337033330692,MSCV,0.999996
rs11735662,1.0,chr4,144104972,144104973,T,C,RREB1,Disrupt,5.167011477169567e-05,,1.64492,GYPA,0.0082337033330692,RC,1.0
rs11735662,1.0,chr4,144104972,144104973,T,C,RREB1,Disrupt,5.167011477169567e-05,,1.64492,GYPA,0.0082337033330692,RP,1.0
rs11735662,1.0,chr4,144104972,144104973,T,C,ZSCAN4,Disrupt,6.31017610430717e-05,,0.0,GYPA,0.0082337033330692,HLDRC,1.0
rs11735662,1.0,chr4,144104972,144104973,T,C,ZSCAN4,Disrupt,6.31017610430717e-05,,0.0,GYPA,0.0082337033330692,HLSRP,1.0
rs11735662,1.0,chr4,144104972,144104973,T,C,ZSCAN4,Disrupt,6.31017610430717e-05,,0.0,GYPA,0.0082337033330692,MCH,1.0
rs11735662,1.0,chr4,144104972,144104973,T,C,ZSCAN4,Disrupt,6.31017610430717e-05,,0.0,GYPA,0.0082337033330692,MCHC,0.999996
rs11735662,1.0,chr4,144104972,144104973,T,C,ZSCAN4,Disrupt,6.31017610430717e-05,,0.0,GYPA,0.0082337033330692,MSCV,0.999996
rs11735662,1.0,chr4,144104972,144104973,T,C,ZSCAN4,Disrupt,6.31017610430717e-05,,0.0,GYPA,0.0082337033330692,RC,1.0
rs11735662,1.0,chr4,144104972,144104973,T,C,ZSCAN4,Disrupt,6.31017610430717e-05,,0.0,GYPA,0.0082337033330692,RP,1.0
rs218265,1.0,chr4,54542831,54542832,C,T,ZBTB18,Decrease,7.390975952148427e-06,2.0265579223632823e-05,0.275717,KIT,0.0590960392738986,HC,0.972421
rs218265,1.0,chr4,54542831,54542832,C,T,ZBTB18,Decrease,7.390975952148427e-06,2.0265579223632823e-05,0.275717,KIT,0.0590960392738986,HLDRC,0.972128
rs218265,1.0,chr4,54542831,54542832,C,T,ZBTB18,Decrease,7.390975952148427e-06,2.0265579223632823e-05,0.275717,KIT,0.0590960392738986,HLSRP,1.0
rs218265,1.0,chr4,54542831,54542832,C,T,ZBTB18,Decrease,7.390975952148427e-06,2.0265579223632823e-05,0.275717,KIT,0.0590960392738986,HP,0.897754
rs218265,1.0,chr4,54542831,54542832,C,T,ZBTB18,Decrease,7.390975952148427e-06,2.0265579223632823e-05,0.275717,KIT,0.0590960392738986,IRF,0.964479
rs218265,1.0,chr4,54542831,54542832,C,T,ZBTB18,Decrease,7.390975952148427e-06,2.0265579223632823e-05,0.275717,KIT,0.0590960392738986,MCH,1.0
rs218265,1.0,chr4,54542831,54542832,C,T,ZBTB18,Decrease,7.390975952148427e-06,2.0265579223632823e-05,0.275717,KIT,0.0590960392738986,MCHC,0.557267
rs218265,1.0,chr4,54542831,54542832,C,T,ZBTB18,Decrease,7.390975952148427e-06,2.0265579223632823e-05,0.275717,KIT,0.0590960392738986,MCV,0.996367
rs218265,1.0,chr4,54542831,54542832,C,T,ZBTB18,Decrease,7.390975952148427e-06,2.0265579223632823e-05,0.275717,KIT,0.0590960392738986,MSCV,1.0
rs218265,1.0,chr4,54542831,54542832,C,T,ZBTB18,Decrease,7.390975952148427e-06,2.0265579223632823e-05,0.275717,KIT,0.0590960392738986,RBC,0.986583
rs218265,1.0,chr4,54542831,54542832,C,T,ZBTB18,Decrease,7.390975952148427e-06,2.0265579223632823e-05,0.275717,KIT,0.0590960392738986,RP,0.999622
rs57565032,1.0,chr12,131949845,131949846,T,G,RARG,Disrupt,4.9724942073225894e-05,,0.268919,EP400,0.1989159137885709,IRF,0.986589
rs57565032,1.0,chr12,131949845,131949846,T,G,RARG,Disrupt,4.9724942073225894e-05,,0.268919,EP400,0.1989159137885709,MCH,1.0
rs57565032,1.0,chr12,131949845,131949846,T,G,RARG,Disrupt,4.9724942073225894e-05,,0.268919,EP400,0.1989159137885709,MCV,1.0
rs57565032,1.0,chr12,131949845,131949846,T,G,RARG,Disrupt,4.9724942073225894e-05,,0.268919,EP400,0.1989159137885709,MSCV,1.0
rs57565032,1.0,chr12,131949845,131949846,T,G,RARG,Disrupt,4.9724942073225894e-05,,0.268919,EP400,0.1989159137885709,RBC,0.999947
rs57565032,1.0,chr12,131949845,131949846,T,G,RARG,Disrupt,4.9724942073225894e-05,,0.268919,EP400,0.1989159137885709,RBCDW,1.0
rs57565032,1.0,chr12,131949845,131949846,T,G,ZNF460,Increase,3.5084784030914225e-05,1.7140526324510507e-05,3.65061,EP400,0.1989159137885709,IRF,0.986589
rs57565032,1.0,chr12,131949845,131949846,T,G,ZNF460,Increase,3.5084784030914225e-05,1.7140526324510507e-05,3.65061,EP400,0.1989159137885709,MCH,1.0
rs57565032,1.0,chr12,131949845,131949846,T,G,ZNF460,Increase,3.5084784030914225e-05,1.7140526324510507e-05,3.65061,EP400,0.1989159137885709,MCV,1.0
rs57565032,1.0,chr12,131949845,131949846,T,G,ZNF460,Increase,3.5084784030914225e-05,1.7140526324510507e-05,3.65061,EP400,0.1989159137885709,MSCV,1.0
rs57565032,1.0,chr12,131949845,131949846,T,G,ZNF460,Increase,3.5084784030914225e-05,1.7140526324510507e-05,3.65061,EP400,0.1989159137885709,RBC,0.999947
rs57565032,1.0,chr12,131949845,131949846,T,G,ZNF460,Increase,3.5084784030914225e-05,1.7140526324510507e-05,3.65061,EP400,0.1989159137885709,RBCDW,1.0
rs115730158,0.999998,chr5,34656369,34656370,A,G,IKZF3,Disrupt,6.103515625000008e-05,,0.119951,RAI14,0.4933201360908043,HLDRC,0.999891
rs115730158,0.999998,chr5,34656369,34656370,A,G,IKZF3,Disrupt,6.103515625000008e-05,,0.119951,RAI14,0.4933201360908043,HLSRP,0.999842
rs115730158,0.999998,chr5,34656369,34656370,A,G,IKZF3,Disrupt,6.103515625000008e-05,,0.119951,RAI14,0.4933201360908043,RC,0.999998
rs115730158,0.999998,chr5,34656369,34656370,A,G,IKZF3,Disrupt,6.103515625000008e-05,,0.119951,RAI14,0.4933201360908043,RP,0.99999
rs150817108,0.999992,chr3,179148134,179148135,A,G,PATZ1,Disrupt,4.43458557128905e-05,,0.652006,PIK3CA,0.4044320652212487,MCH,0.995903
rs150817108,0.999992,chr3,179148134,179148135,A,G,PATZ1,Disrupt,4.43458557128905e-05,,0.652006,PIK3CA,0.4044320652212487,MCV,0.999992
rs150817108,0.999992,chr3,179148134,179148135,A,G,ZNF331,Disrupt,3.147125244140627e-05,,0.124044,PIK3CA,0.4044320652212487,MCH,0.995903
rs150817108,0.999992,chr3,179148134,179148135,A,G,ZNF331,Disrupt,3.147125244140627e-05,,0.124044,PIK3CA,0.4044320652212487,MCV,0.999992
rs150817108,0.999992,chr3,179148134,179148135,A,G,ZNF530,Decrease,2.504512667655945e-05,3.594532608985904e-05,1.85153,PIK3CA,0.4044320652212487,MCH,0.995903
rs150817108,0.999992,chr3,179148134,179148135,A,G,ZNF530,Decrease,2.504512667655945e-05,3.594532608985904e-05,1.85153,PIK3CA,0.4044320652212487,MCV,0.999992
rs114694170,0.999266,chr5,88884378,88884379,C,T,ZNF189,Disrupt,4.9591064453125014e-05,,0.921731,CETN3,0.0083684786935446,MCH,0.980336
rs114694170,0.999266,chr5,88884378,88884379,C,T,ZNF189,Disrupt,4.9591064453125014e-05,,0.921731,CETN3,0.0083684786935446,MCV,0.999266
rs114694170,0.999266,chr5,88884378,88884379,C,T,ZNF189,Disrupt,4.9591064453125014e-05,,0.921731,CETN3,0.0083684786935446,RBC,0.996759
rs150182213,0.986471,chr12,77065683,77065684,T,C,KLF10,Disrupt,5.722045898437504e-05,,1.54871,E2F7,0.8159399997499182,MCH,0.962658
rs150182213,0.986471,chr12,77065683,77065684,T,C,KLF10,Disrupt,5.722045898437504e-05,,1.54871,E2F7,0.8159399997499182,RBCDW,0.986471
rs150182213,0.986471,chr12,77065683,77065684,T,C,KLF7,Disrupt,6.103515625e-05,,0.0116311,E2F7,0.8159399997499182,MCH,0.962658
rs150182213,0.986471,chr12,77065683,77065684,T,C,KLF7,Disrupt,6.103515625e-05,,0.0116311,E2F7,0.8159399997499182,RBCDW,0.986471
rs150182213,0.986471,chr12,77065683,77065684,T,C,SP4,Disrupt,4.5776367187500054e-05,,1.77515,E2F7,0.8159399997499182,MCH,0.962658
rs150182213,0.986471,chr12,77065683,77065684,T,C,SP4,Disrupt,4.5776367187500054e-05,,1.77515,E2F7,0.8159399997499182,RBCDW,0.986471
rs150182213,0.986471,chr12,77065683,77065684,T,C,ZKSCAN5,Disrupt,7.629394531250007e-05,,0.984815,E2F7,0.8159399997499182,MCH,0.962658
rs150182213,0.986471,chr12,77065683,77065684,T,C,ZKSCAN5,Disrupt,7.629394531250007e-05,,0.984815,E2F7,0.8159399997499182,RBCDW,0.986471
rs150182213,0.986471,chr12,77065683,77065684,T,C,ZNF454,Decrease,5.594047252088771e-06,2.0686769858002625e-05,0.0,E2F7,0.8159399997499182,MCH,0.962658
rs150182213,0.986471,chr12,77065683,77065684,T,C,ZNF454,Decrease,5.594047252088771e-06,2.0686769858002625e-05,0.0,E2F7,0.8159399997499182,RBCDW,0.986471
rs2703485,0.975545,chr4,54571324,54571325,C,T,PLAG1,Create,,3.795325756072988e-05,0.211299,KIT,0.0653881747427764,IRF,0.943733
rs2703485,0.975545,chr4,54571324,54571325,C,T,PLAG1,Create,,3.795325756072988e-05,0.211299,KIT,0.0653881747427764,MCH,0.85405
rs2703485,0.975545,chr4,54571324,54571325,C,T,PLAG1,Create,,3.795325756072988e-05,0.211299,KIT,0.0653881747427764,MCV,0.975545
rs2703485,0.975545,chr4,54571324,54571325,C,T,PLAG1,Create,,3.795325756072988e-05,0.211299,KIT,0.0653881747427764,MSCV,0.924134
rs2703485,0.975545,chr4,54571324,54571325,C,T,ZNF320,Create,,9.974051499739284e-05,0.930875,KIT,0.0653881747427764,IRF,0.943733
rs2703485,0.975545,chr4,54571324,54571325,C,T,ZNF320,Create,,9.974051499739284e-05,0.930875,KIT,0.0653881747427764,MCH,0.85405
rs2703485,0.975545,chr4,54571324,54571325,C,T,ZNF320,Create,,9.974051499739284e-05,0.930875,KIT,0.0653881747427764,MCV,0.975545
rs2703485,0.975545,chr4,54571324,54571325,C,T,ZNF320,Create,,9.974051499739284e-05,0.930875,KIT,0.0653881747427764,MSCV,0.924134
rs2703485,0.975545,chr4,54571324,54571325,C,T,ZNF454,Increase,2.754834713414313e-05,1.1338852345943417e-06,0.0,KIT,0.0653881747427764,IRF,0.943733
rs2703485,0.975545,chr4,54571324,54571325,C,T,ZNF454,Increase,2.754834713414313e-05,1.1338852345943417e-06,0.0,KIT,0.0653881747427764,MCH,0.85405
rs2703485,0.975545,chr4,54571324,54571325,C,T,ZNF454,Increase,2.754834713414313e-05,1.1338852345943417e-06,0.0,KIT,0.0653881747427764,MCV,0.975545
rs2703485,0.975545,chr4,54571324,54571325,C,T,ZNF454,Increase,2.754834713414313e-05,1.1338852345943417e-06,0.0,KIT,0.0653881747427764,MSCV,0.924134
rs41307187,0.95394,chr20,44210534,44210535,C,T,GATA3,Disrupt,3.0517578125e-05,,0.0,OSER1,0.4697600375066637,HLDRC,0.228991
rs41307187,0.95394,chr20,44210534,44210535,C,T,GATA3,Disrupt,3.0517578125e-05,,0.0,OSER1,0.4697600375066637,HLSRP,0.306821
rs41307187,0.95394,chr20,44210534,44210535,C,T,GATA3,Disrupt,3.0517578125e-05,,0.0,OSER1,0.4697600375066637,MSCV,0.178005
rs41307187,0.95394,chr20,44210534,44210535,C,T,GATA3,Disrupt,3.0517578125e-05,,0.0,OSER1,0.4697600375066637,RBCDW,0.95394
rs41307187,0.95394,chr20,44210534,44210535,C,T,GATA3,Disrupt,3.0517578125e-05,,0.0,OSER1,0.4697600375066637,RC,0.170358
rs41307187,0.95394,chr20,44210534,44210535,C,T,GATA3,Disrupt,3.0517578125e-05,,0.0,OSER1,0.4697600375066637,RP,0.149809
rs41307187,0.95394,chr20,44210534,44210535,C,T,GATA4,Disrupt,1.52587890625e-05,,0.0508972,OSER1,0.4697600375066637,HLDRC,0.228991
rs41307187,0.95394,chr20,44210534,44210535,C,T,GATA4,Disrupt,1.52587890625e-05,,0.0508972,OSER1,0.4697600375066637,HLSRP,0.306821
rs41307187,0.95394,chr20,44210534,44210535,C,T,GATA4,Disrupt,1.52587890625e-05,,0.0508972,OSER1,0.4697600375066637,MSCV,0.178005
rs41307187,0.95394,chr20,44210534,44210535,C,T,GATA4,Disrupt,1.52587890625e-05,,0.0508972,OSER1,0.4697600375066637,RBCDW,0.95394
rs41307187,0.95394,chr20,44210534,44210535,C,T,GATA4,Disrupt,1.52587890625e-05,,0.0508972,OSER1,0.4697600375066637,RC,0.170358
rs41307187,0.95394,chr20,44210534,44210535,C,T,GATA4,Disrupt,1.52587890625e-05,,0.0508972,OSER1,0.4697600375066637,RP,0.149809
rs41307187,0.95394,chr20,44210534,44210535,C,T,GATA5,Disrupt,9.1552734375e-05,,0.0481859,OSER1,0.4697600375066637,HLDRC,0.228991
rs41307187,0.95394,chr20,44210534,44210535,C,T,GATA5,Disrupt,9.1552734375e-05,,0.0481859,OSER1,0.4697600375066637,HLSRP,0.306821
rs41307187,0.95394,chr20,44210534,44210535,C,T,GATA5,Disrupt,9.1552734375e-05,,0.0481859,OSER1,0.4697600375066637,MSCV,0.178005
rs41307187,0.95394,chr20,44210534,44210535,C,T,GATA5,Disrupt,9.1552734375e-05,,0.0481859,OSER1,0.4697600375066637,RBCDW,0.95394
rs41307187,0.95394,chr20,44210534,44210535,C,T,GATA5,Disrupt,9.1552734375e-05,,0.0481859,OSER1,0.4697600375066637,RC,0.170358
rs41307187,0.95394,chr20,44210534,44210535,C,T,GATA5,Disrupt,9.1552734375e-05,,0.0481859,OSER1,0.4697600375066637,RP,0.149809
rs41307187,0.95394,chr20,44210534,44210535,C,T,GATA6,Disrupt,4.57763671875e-05,,0.0382747,OSER1,0.4697600375066637,HLDRC,0.228991
rs41307187,0.95394,chr20,44210534,44210535,C,T,GATA6,Disrupt,4.57763671875e-05,,0.0382747,OSER1,0.4697600375066637,HLSRP,0.306821
rs41307187,0.95394,chr20,44210534,44210535,C,T,GATA6,Disrupt,4.57763671875e-05,,0.0382747,OSER1,0.4697600375066637,MSCV,0.178005
rs41307187,0.95394,chr20,44210534,44210535,C,T,GATA6,Disrupt,4.57763671875e-05,,0.0382747,OSER1,0.4697600375066637,RBCDW,0.95394
rs41307187,0.95394,chr20,44210534,44210535,C,T,GATA6,Disrupt,4.57763671875e-05,,0.0382747,OSER1,0.4697600375066637,RC,0.170358
rs41307187,0.95394,chr20,44210534,44210535,C,T,GATA6,Disrupt,4.57763671875e-05,,0.0382747,OSER1,0.4697600375066637,RP,0.149809
rs41307187,0.95394,chr20,44210534,44210535,C,T,TRPS1,Disrupt,4.57763671875e-05,,1.29696,OSER1,0.4697600375066637,HLDRC,0.228991
rs41307187,0.95394,chr20,44210534,44210535,C,T,TRPS1,Disrupt,4.57763671875e-05,,1.29696,OSER1,0.4697600375066637,HLSRP,0.306821
rs41307187,0.95394,chr20,44210534,44210535,C,T,TRPS1,Disrupt,4.57763671875e-05,,1.29696,OSER1,0.4697600375066637,MSCV,0.178005
rs41307187,0.95394,chr20,44210534,44210535,C,T,TRPS1,Disrupt,4.57763671875e-05,,1.29696,OSER1,0.4697600375066637,RBCDW,0.95394
rs41307187,0.95394,chr20,44210534,44210535,C,T,TRPS1,Disrupt,4.57763671875e-05,,1.29696,OSER1,0.4697600375066637,RC,0.170358
rs41307187,0.95394,chr20,44210534,44210535,C,T,TRPS1,Disrupt,4.57763671875e-05,,1.29696,OSER1,0.4697600375066637,RP,0.149809
rs61750991,0.939728,chr1,231421417,231421418,G,C,ZNF707,Disrupt,5.198828876018506e-05,,0.476174,EGLN1,0.6902352224625851,HC,0.939728
rs61750991,0.939728,chr1,231421417,231421418,G,C,ZNF707,Disrupt,5.198828876018506e-05,,0.476174,EGLN1,0.6902352224625851,HP,0.83254
rs117532831,0.913814,chr12,111599645,111599646,A,G,CTCFL,Create,,9.1552734375e-05,20.8174,ATXN2,0.2211637590437251,MSCV,0.913814
rs117532831,0.913814,chr12,111599645,111599646,A,G,PATZ1,Disrupt,5.316734313964831e-05,,0.652006,ATXN2,0.2211637590437251,MSCV,0.913814
rs117532831,0.913814,chr12,111599645,111599646,A,G,ZBED4,Disrupt,2.4795532226562476e-05,,1.83334,ATXN2,0.2211637590437251,MSCV,0.913814
rs117532831,0.913814,chr12,111599645,111599646,A,G,ZNF610,Disrupt,4.291534423828128e-05,,0.0349561,ATXN2,0.2211637590437251,MSCV,0.913814
rs62078819,0.903103,chr18,9914838,9914839,C,G,TFAP2B,Create,,7.247924804687508e-05,0.0,VAPA,0.6497521667206893,MSCV,0.903103
rs62078819,0.903103,chr18,9914838,9914839,C,G,ZNF320,Create,,6.44933716102967e-05,0.930875,VAPA,0.6497521667206893,MSCV,0.903103
rs62078819,0.903103,chr18,9914838,9914839,C,G,ZNF454,Increase,7.232447387650617e-05,1.0669114999473092e-05,0.0,VAPA,0.6497521667206893,MSCV,0.903103
rs62078819,0.903103,chr18,9914838,9914839,C,G,ZNF460,Disrupt,1.1001480743288957e-05,,3.65061,VAPA,0.6497521667206893,MSCV,0.903103
rs13082210,0.831024,chr3,72996736,72996737,A,G,EGR2,Increase,5.984306335449211e-05,2.7418136596679596e-05,0.0,PPP4R2,0.6995984316448071,HC,0.627763
rs13082210,0.831024,chr3,72996736,72996737,A,G,EGR2,Increase,5.984306335449211e-05,2.7418136596679596e-05,0.0,PPP4R2,0.6995984316448071,HLDRC,0.701736
rs13082210,0.831024,chr3,72996736,72996737,A,G,EGR2,Increase,5.984306335449211e-05,2.7418136596679596e-05,0.0,PPP4R2,0.6995984316448071,HLSRP,0.580267
rs13082210,0.831024,chr3,72996736,72996737,A,G,EGR2,Increase,5.984306335449211e-05,2.7418136596679596e-05,0.0,PPP4R2,0.6995984316448071,HP,0.739024
rs13082210,0.831024,chr3,72996736,72996737,A,G,EGR2,Increase,5.984306335449211e-05,2.7418136596679596e-05,0.0,PPP4R2,0.6995984316448071,RC,0.831024
rs13082210,0.831024,chr3,72996736,72996737,A,G,EGR2,Increase,5.984306335449211e-05,2.7418136596679596e-05,0.0,PPP4R2,0.6995984316448071,RP,0.629231
rs13082210,0.831024,chr3,72996736,72996737,A,G,EGR4,Increase,8.368492126464834e-05,1.7642974853515598e-05,0.0,PPP4R2,0.6995984316448071,HC,0.627763
rs13082210,0.831024,chr3,72996736,72996737,A,G,EGR4,Increase,8.368492126464834e-05,1.7642974853515598e-05,0.0,PPP4R2,0.6995984316448071,HLDRC,0.701736
rs13082210,0.831024,chr3,72996736,72996737,A,G,EGR4,Increase,8.368492126464834e-05,1.7642974853515598e-05,0.0,PPP4R2,0.6995984316448071,HLSRP,0.580267
rs13082210,0.831024,chr3,72996736,72996737,A,G,EGR4,Increase,8.368492126464834e-05,1.7642974853515598e-05,0.0,PPP4R2,0.6995984316448071,HP,0.739024
rs13082210,0.831024,chr3,72996736,72996737,A,G,EGR4,Increase,8.368492126464834e-05,1.7642974853515598e-05,0.0,PPP4R2,0.6995984316448071,RC,0.831024
rs13082210,0.831024,chr3,72996736,72996737,A,G,EGR4,Increase,8.368492126464834e-05,1.7642974853515598e-05,0.0,PPP4R2,0.6995984316448071,RP,0.629231
rs13082210,0.831024,chr3,72996736,72996737,A,G,EPAS1,Create,,8.773803710937507e-05,0.574115,PPP4R2,0.6995984316448071,HC,0.627763
rs13082210,0.831024,chr3,72996736,72996737,A,G,EPAS1,Create,,8.773803710937507e-05,0.574115,PPP4R2,0.6995984316448071,HLDRC,0.701736
rs13082210,0.831024,chr3,72996736,72996737,A,G,EPAS1,Create,,8.773803710937507e-05,0.574115,PPP4R2,0.6995984316448071,HLSRP,0.580267
rs13082210,0.831024,chr3,72996736,72996737,A,G,EPAS1,Create,,8.773803710937507e-05,0.574115,PPP4R2,0.6995984316448071,HP,0.739024
rs13082210,0.831024,chr3,72996736,72996737,A,G,EPAS1,Create,,8.773803710937507e-05,0.574115,PPP4R2,0.6995984316448071,RC,0.831024
rs13082210,0.831024,chr3,72996736,72996737,A,G,EPAS1,Create,,8.773803710937507e-05,0.574115,PPP4R2,0.6995984316448071,RP,0.629231
rs13082210,0.831024,chr3,72996736,72996737,A,G,TCFL5,Disrupt,3.0517578125e-05,,2.55636,PPP4R2,0.6995984316448071,HC,0.627763
rs13082210,0.831024,chr3,72996736,72996737,A,G,TCFL5,Disrupt,3.0517578125e-05,,2.55636,PPP4R2,0.6995984316448071,HLDRC,0.701736
rs13082210,0.831024,chr3,72996736,72996737,A,G,TCFL5,Disrupt,3.0517578125e-05,,2.55636,PPP4R2,0.6995984316448071,HLSRP,0.580267
rs13082210,0.831024,chr3,72996736,72996737,A,G,TCFL5,Disrupt,3.0517578125e-05,,2.55636,PPP4R2,0.6995984316448071,HP,0.739024
rs13082210,0.831024,chr3,72996736,72996737,A,G,TCFL5,Disrupt,3.0517578125e-05,,2.55636,PPP4R2,0.6995984316448071,RC,0.831024
rs13082210,0.831024,chr3,72996736,72996737,A,G,TCFL5,Disrupt,3.0517578125e-05,,2.55636,PPP4R2,0.6995984316448071,RP,0.629231
rs11122174,0.811733,chr1,230978848,230978849,T,C,NHLH2,Create,,1.452025026082991e-05,0.0,TTC13,0.5152438531926914,HC,0.454713
rs11122174,0.811733,chr1,230978848,230978849,T,C,NHLH2,Create,,1.452025026082991e-05,0.0,TTC13,0.5152438531926914,HP,0.811733
rs11122174,0.811733,chr1,230978848,230978849,T,C,NHLH2,Create,,1.452025026082991e-05,0.0,TTC13,0.5152438531926914,RBC,0.623125
rs2071646,0.798123,chr7,87475842,87475843,G,A,FEZF2,Create,,1.52587890625e-05,0.0808659,ABCB4,0.087849427761703,HLDRC,0.696523
rs2071646,0.798123,chr7,87475842,87475843,G,A,FEZF2,Create,,1.52587890625e-05,0.0808659,ABCB4,0.087849427761703,HLSRP,0.779881
rs2071646,0.798123,chr7,87475842,87475843,G,A,FEZF2,Create,,1.52587890625e-05,0.0808659,ABCB4,0.087849427761703,MSCV,0.798123
rs2071646,0.798123,chr7,87475842,87475843,G,A,FEZF2,Create,,1.52587890625e-05,0.0808659,ABCB4,0.087849427761703,RBCDW,0.793678
rs2071646,0.798123,chr7,87475842,87475843,G,A,FEZF2,Create,,1.52587890625e-05,0.0808659,ABCB4,0.087849427761703,RC,0.779207
rs2071646,0.798123,chr7,87475842,87475843,G,A,FEZF2,Create,,1.52587890625e-05,0.0808659,ABCB4,0.087849427761703,RP,0.759504
rs2071646,0.798123,chr7,87475842,87475843,G,A,KLF12,Create,,4.5776367187500054e-05,0.00960881,ABCB4,0.087849427761703,HLDRC,0.696523
rs2071646,0.798123,chr7,87475842,87475843,G,A,KLF12,Create,,4.5776367187500054e-05,0.00960881,ABCB4,0.087849427761703,HLSRP,0.779881
rs2071646,0.798123,chr7,87475842,87475843,G,A,KLF12,Create,,4.5776367187500054e-05,0.00960881,ABCB4,0.087849427761703,MSCV,0.798123
rs2071646,0.798123,chr7,87475842,87475843,G,A,KLF12,Create,,4.5776367187500054e-05,0.00960881,ABCB4,0.087849427761703,RBCDW,0.793678
rs2071646,0.798123,chr7,87475842,87475843,G,A,KLF12,Create,,4.5776367187500054e-05,0.00960881,ABCB4,0.087849427761703,RC,0.779207
rs2071646,0.798123,chr7,87475842,87475843,G,A,KLF12,Create,,4.5776367187500054e-05,0.00960881,ABCB4,0.087849427761703,RP,0.759504
rs2071646,0.798123,chr7,87475842,87475843,G,A,KLF15,Create,,9.1552734375e-05,0.938631,ABCB4,0.087849427761703,HLDRC,0.696523
rs2071646,0.798123,chr7,87475842,87475843,G,A,KLF15,Create,,9.1552734375e-05,0.938631,ABCB4,0.087849427761703,HLSRP,0.779881
rs2071646,0.798123,chr7,87475842,87475843,G,A,KLF15,Create,,9.1552734375e-05,0.938631,ABCB4,0.087849427761703,MSCV,0.798123
rs2071646,0.798123,chr7,87475842,87475843,G,A,KLF15,Create,,9.1552734375e-05,0.938631,ABCB4,0.087849427761703,RBCDW,0.793678
rs2071646,0.798123,chr7,87475842,87475843,G,A,KLF15,Create,,9.1552734375e-05,0.938631,ABCB4,0.087849427761703,RC,0.779207
rs2071646,0.798123,chr7,87475842,87475843,G,A,KLF15,Create,,9.1552734375e-05,0.938631,ABCB4,0.087849427761703,RP,0.759504
rs2071646,0.798123,chr7,87475842,87475843,G,A,KLF2,Create,,7.629394531249997e-05,0.0,ABCB4,0.087849427761703,HLDRC,0.696523
rs2071646,0.798123,chr7,87475842,87475843,G,A,KLF2,Create,,7.629394531249997e-05,0.0,ABCB4,0.087849427761703,HLSRP,0.779881
rs2071646,0.798123,chr7,87475842,87475843,G,A,KLF2,Create,,7.629394531249997e-05,0.0,ABCB4,0.087849427761703,MSCV,0.798123
rs2071646,0.798123,chr7,87475842,87475843,G,A,KLF2,Create,,7.629394531249997e-05,0.0,ABCB4,0.087849427761703,RBCDW,0.793678
rs2071646,0.798123,chr7,87475842,87475843,G,A,KLF2,Create,,7.629394531249997e-05,0.0,ABCB4,0.087849427761703,RC,0.779207
rs2071646,0.798123,chr7,87475842,87475843,G,A,KLF2,Create,,7.629394531249997e-05,0.0,ABCB4,0.087849427761703,RP,0.759504
rs2071646,0.798123,chr7,87475842,87475843,G,A,KLF3,Create,,5.2452087402343825e-05,2.57897,ABCB4,0.087849427761703,HLDRC,0.696523
rs2071646,0.798123,chr7,87475842,87475843,G,A,KLF3,Create,,5.2452087402343825e-05,2.57897,ABCB4,0.087849427761703,HLSRP,0.779881
rs2071646,0.798123,chr7,87475842,87475843,G,A,KLF3,Create,,5.2452087402343825e-05,2.57897,ABCB4,0.087849427761703,MSCV,0.798123
rs2071646,0.798123,chr7,87475842,87475843,G,A,KLF3,Create,,5.2452087402343825e-05,2.57897,ABCB4,0.087849427761703,RBCDW,0.793678
rs2071646,0.798123,chr7,87475842,87475843,G,A,KLF3,Create,,5.2452087402343825e-05,2.57897,ABCB4,0.087849427761703,RC,0.779207
rs2071646,0.798123,chr7,87475842,87475843,G,A,KLF3,Create,,5.2452087402343825e-05,2.57897,ABCB4,0.087849427761703,RP,0.759504
rs2071646,0.798123,chr7,87475842,87475843,G,A,NFIB,Create,,8.103484287858003e-05,0.54451,ABCB4,0.087849427761703,HLDRC,0.696523
rs2071646,0.798123,chr7,87475842,87475843,G,A,NFIB,Create,,8.103484287858003e-05,0.54451,ABCB4,0.087849427761703,HLSRP,0.779881
rs2071646,0.798123,chr7,87475842,87475843,G,A,NFIB,Create,,8.103484287858003e-05,0.54451,ABCB4,0.087849427761703,MSCV,0.798123
rs2071646,0.798123,chr7,87475842,87475843,G,A,NFIB,Create,,8.103484287858003e-05,0.54451,ABCB4,0.087849427761703,RBCDW,0.793678
rs2071646,0.798123,chr7,87475842,87475843,G,A,NFIB,Create,,8.103484287858003e-05,0.54451,ABCB4,0.087849427761703,RC,0.779207
rs2071646,0.798123,chr7,87475842,87475843,G,A,NFIB,Create,,8.103484287858003e-05,0.54451,ABCB4,0.087849427761703,RP,0.759504
rs2071646,0.798123,chr7,87475842,87475843,G,A,ZKSCAN3,Disrupt,5.530938506126397e-05,,1.12256,ABCB4,0.087849427761703,HLDRC,0.696523
rs2071646,0.798123,chr7,87475842,87475843,G,A,ZKSCAN3,Disrupt,5.530938506126397e-05,,1.12256,ABCB4,0.087849427761703,HLSRP,0.779881
rs2071646,0.798123,chr7,87475842,87475843,G,A,ZKSCAN3,Disrupt,5.530938506126397e-05,,1.12256,ABCB4,0.087849427761703,MSCV,0.798123
rs2071646,0.798123,chr7,87475842,87475843,G,A,ZKSCAN3,Disrupt,5.530938506126397e-05,,1.12256,ABCB4,0.087849427761703,RBCDW,0.793678
rs2071646,0.798123,chr7,87475842,87475843,G,A,ZKSCAN3,Disrupt,5.530938506126397e-05,,1.12256,ABCB4,0.087849427761703,RC,0.779207
rs2071646,0.798123,chr7,87475842,87475843,G,A,ZKSCAN3,Disrupt,5.530938506126397e-05,,1.12256,ABCB4,0.087849427761703,RP,0.759504
rs2071646,0.798123,chr7,87475842,87475843,G,A,ZNF213,Increase,3.4391880035400336e-05,2.086162567138668e-06,0.212367,ABCB4,0.087849427761703,HLDRC,0.696523
rs2071646,0.798123,chr7,87475842,87475843,G,A,ZNF213,Increase,3.4391880035400336e-05,2.086162567138668e-06,0.212367,ABCB4,0.087849427761703,HLSRP,0.779881
rs2071646,0.798123,chr7,87475842,87475843,G,A,ZNF213,Increase,3.4391880035400336e-05,2.086162567138668e-06,0.212367,ABCB4,0.087849427761703,MSCV,0.798123
rs2071646,0.798123,chr7,87475842,87475843,G,A,ZNF213,Increase,3.4391880035400336e-05,2.086162567138668e-06,0.212367,ABCB4,0.087849427761703,RBCDW,0.793678
rs2071646,0.798123,chr7,87475842,87475843,G,A,ZNF213,Increase,3.4391880035400336e-05,2.086162567138668e-06,0.212367,ABCB4,0.087849427761703,RC,0.779207
rs2071646,0.798123,chr7,87475842,87475843,G,A,ZNF213,Increase,3.4391880035400336e-05,2.086162567138668e-06,0.212367,ABCB4,0.087849427761703,RP,0.759504
rs185354376,0.796801,chr4,139084423,139084424,A,G,PRDM9,Decrease,9.529134331387435e-06,4.1233492993342136e-05,0.0896177,ELF2,0.4799369617483824,HLDRC,0.796801
rs185354376,0.796801,chr4,139084423,139084424,A,G,PRDM9,Decrease,9.529134331387435e-06,4.1233492993342136e-05,0.0896177,ELF2,0.4799369617483824,HLSRP,0.724466
rs185354376,0.796801,chr4,139084423,139084424,A,G,PRDM9,Decrease,9.529134331387435e-06,4.1233492993342136e-05,0.0896177,ELF2,0.4799369617483824,RC,0.765443
rs185354376,0.796801,chr4,139084423,139084424,A,G,PRDM9,Decrease,9.529134331387435e-06,4.1233492993342136e-05,0.0896177,ELF2,0.4799369617483824,RP,0.702682
rs185354376,0.796801,chr4,139084423,139084424,A,G,ZNF320,Disrupt,7.047144754324085e-05,,0.930875,ELF2,0.4799369617483824,HLDRC,0.796801
rs185354376,0.796801,chr4,139084423,139084424,A,G,ZNF320,Disrupt,7.047144754324085e-05,,0.930875,ELF2,0.4799369617483824,HLSRP,0.724466
rs185354376,0.796801,chr4,139084423,139084424,A,G,ZNF320,Disrupt,7.047144754324085e-05,,0.930875,ELF2,0.4799369617483824,RC,0.765443
rs185354376,0.796801,chr4,139084423,139084424,A,G,ZNF320,Disrupt,7.047144754324085e-05,,0.930875,ELF2,0.4799369617483824,RP,0.702682
rs185354376,0.796801,chr4,139084423,139084424,A,G,ZNF460,Disrupt,9.052548557519892e-05,,3.65061,ELF2,0.4799369617483824,HLDRC,0.796801
rs185354376,0.796801,chr4,139084423,139084424,A,G,ZNF460,Disrupt,9.052548557519892e-05,,3.65061,ELF2,0.4799369617483824,HLSRP,0.724466
rs185354376,0.796801,chr4,139084423,139084424,A,G,ZNF460,Disrupt,9.052548557519892e-05,,3.65061,ELF2,0.4799369617483824,RC,0.765443
rs185354376,0.796801,chr4,139084423,139084424,A,G,ZNF460,Disrupt,9.052548557519892e-05,,3.65061,ELF2,0.4799369617483824,RP,0.702682
rs185354376,0.796801,chr4,139084423,139084424,A,G,ZNF530,Decrease,9.238719940185532e-07,8.467212319374075e-05,1.85153,ELF2,0.4799369617483824,HLDRC,0.796801
rs185354376,0.796801,chr4,139084423,139084424,A,G,ZNF530,Decrease,9.238719940185532e-07,8.467212319374075e-05,1.85153,ELF2,0.4799369617483824,HLSRP,0.724466
rs185354376,0.796801,chr4,139084423,139084424,A,G,ZNF530,Decrease,9.238719940185532e-07,8.467212319374075e-05,1.85153,ELF2,0.4799369617483824,RC,0.765443
rs185354376,0.796801,chr4,139084423,139084424,A,G,ZNF530,Decrease,9.238719940185532e-07,8.467212319374075e-05,1.85153,ELF2,0.4799369617483824,RP,0.702682
rs185354376,0.796801,chr4,139084423,139084424,A,G,ZNF610,Create,,5.722045898437492e-06,0.0349561,ELF2,0.4799369617483824,HLDRC,0.796801
rs185354376,0.796801,chr4,139084423,139084424,A,G,ZNF610,Create,,5.722045898437492e-06,0.0349561,ELF2,0.4799369617483824,HLSRP,0.724466
rs185354376,0.796801,chr4,139084423,139084424,A,G,ZNF610,Create,,5.722045898437492e-06,0.0349561,ELF2,0.4799369617483824,RC,0.765443
rs185354376,0.796801,chr4,139084423,139084424,A,G,ZNF610,Create,,5.722045898437492e-06,0.0349561,ELF2,0.4799369617483824,RP,0.702682
rs185354376,0.796801,chr4,139084423,139084424,A,G,ZNF701,Create,,2.933503128588206e-05,0.792934,ELF2,0.4799369617483824,HLDRC,0.796801
rs185354376,0.796801,chr4,139084423,139084424,A,G,ZNF701,Create,,2.933503128588206e-05,0.792934,ELF2,0.4799369617483824,HLSRP,0.724466
rs185354376,0.796801,chr4,139084423,139084424,A,G,ZNF701,Create,,2.933503128588206e-05,0.792934,ELF2,0.4799369617483824,RC,0.765443
rs185354376,0.796801,chr4,139084423,139084424,A,G,ZNF701,Create,,2.933503128588206e-05,0.792934,ELF2,0.4799369617483824,RP,0.702682
rs185354376,0.796801,chr4,139084423,139084424,A,G,ZNF93,Increase,2.9608607292175215e-05,2.3797154426574622e-05,1.47795,ELF2,0.4799369617483824,HLDRC,0.796801
rs185354376,0.796801,chr4,139084423,139084424,A,G,ZNF93,Increase,2.9608607292175215e-05,2.3797154426574622e-05,1.47795,ELF2,0.4799369617483824,HLSRP,0.724466
rs185354376,0.796801,chr4,139084423,139084424,A,G,ZNF93,Increase,2.9608607292175215e-05,2.3797154426574622e-05,1.47795,ELF2,0.4799369617483824,RC,0.765443
rs185354376,0.796801,chr4,139084423,139084424,A,G,ZNF93,Increase,2.9608607292175215e-05,2.3797154426574622e-05,1.47795,ELF2,0.4799369617483824,RP,0.702682
rs1991401,0.795103,chr17,64506316,64506317,G,A,HOXB13,Disrupt,6.866455078125007e-05,,0.131246,DDX5,0.4473413916892613,HC,0.67624
rs1991401,0.795103,chr17,64506316,64506317,G,A,HOXB13,Disrupt,6.866455078125007e-05,,0.131246,DDX5,0.4473413916892613,HLDRC,0.746175
rs1991401,0.795103,chr17,64506316,64506317,G,A,HOXB13,Disrupt,6.866455078125007e-05,,0.131246,DDX5,0.4473413916892613,HLSRP,0.730462
rs1991401,0.795103,chr17,64506316,64506317,G,A,HOXB13,Disrupt,6.866455078125007e-05,,0.131246,DDX5,0.4473413916892613,HP,0.67699
rs1991401,0.795103,chr17,64506316,64506317,G,A,HOXB13,Disrupt,6.866455078125007e-05,,0.131246,DDX5,0.4473413916892613,MCV,0.683426
rs1991401,0.795103,chr17,64506316,64506317,G,A,HOXB13,Disrupt,6.866455078125007e-05,,0.131246,DDX5,0.4473413916892613,RC,0.778705
rs1991401,0.795103,chr17,64506316,64506317,G,A,HOXB13,Disrupt,6.866455078125007e-05,,0.131246,DDX5,0.4473413916892613,RP,0.795103
rs1991401,0.795103,chr17,64506316,64506317,G,A,TBP,Disrupt,6.103515625e-05,,3.90179,DDX5,0.4473413916892613,HC,0.67624
rs1991401,0.795103,chr17,64506316,64506317,G,A,TBP,Disrupt,6.103515625e-05,,3.90179,DDX5,0.4473413916892613,HLDRC,0.746175
rs1991401,0.795103,chr17,64506316,64506317,G,A,TBP,Disrupt,6.103515625e-05,,3.90179,DDX5,0.4473413916892613,HLSRP,0.730462
rs1991401,0.795103,chr17,64506316,64506317,G,A,TBP,Disrupt,6.103515625e-05,,3.90179,DDX5,0.4473413916892613,HP,0.67699
rs1991401,0.795103,chr17,64506316,64506317,G,A,TBP,Disrupt,6.103515625e-05,,3.90179,DDX5,0.4473413916892613,MCV,0.683426
rs1991401,0.795103,chr17,64506316,64506317,G,A,TBP,Disrupt,6.103515625e-05,,3.90179,DDX5,0.4473413916892613,RC,0.778705
rs1991401,0.795103,chr17,64506316,64506317,G,A,TBP,Disrupt,6.103515625e-05,,3.90179,DDX5,0.4473413916892613,RP,0.795103
rs4669320,0.793813,chr2,8645072,8645073,C,A,PAX5,Create,,4.57763671875e-05,0.00852548,ID2,0.0088526114550398,HLDRC,0.639004
rs4669320,0.793813,chr2,8645072,8645073,C,A,PAX5,Create,,4.57763671875e-05,0.00852548,ID2,0.0088526114550398,HLSRP,0.768619
rs4669320,0.793813,chr2,8645072,8645073,C,A,PAX5,Create,,4.57763671875e-05,0.00852548,ID2,0.0088526114550398,IRF,0.205979
rs4669320,0.793813,chr2,8645072,8645073,C,A,PAX5,Create,,4.57763671875e-05,0.00852548,ID2,0.0088526114550398,RC,0.67901
rs4669320,0.793813,chr2,8645072,8645073,C,A,PAX5,Create,,4.57763671875e-05,0.00852548,ID2,0.0088526114550398,RP,0.793813
rs4669320,0.793813,chr2,8645072,8645073,C,A,ZIC1,Decrease,1.2673437595367423e-05,4.5668333768844544e-05,0.0206755,ID2,0.0088526114550398,HLDRC,0.639004
rs4669320,0.793813,chr2,8645072,8645073,C,A,ZIC1,Decrease,1.2673437595367423e-05,4.5668333768844544e-05,0.0206755,ID2,0.0088526114550398,HLSRP,0.768619
rs4669320,0.793813,chr2,8645072,8645073,C,A,ZIC1,Decrease,1.2673437595367423e-05,4.5668333768844544e-05,0.0206755,ID2,0.0088526114550398,IRF,0.205979
rs4669320,0.793813,chr2,8645072,8645073,C,A,ZIC1,Decrease,1.2673437595367423e-05,4.5668333768844544e-05,0.0206755,ID2,0.0088526114550398,RC,0.67901
rs4669320,0.793813,chr2,8645072,8645073,C,A,ZIC1,Decrease,1.2673437595367423e-05,4.5668333768844544e-05,0.0206755,ID2,0.0088526114550398,RP,0.793813
rs4669320,0.793813,chr2,8645072,8645073,C,A,ZIC4,Decrease,1.2639909982681266e-05,2.7831643819808943e-05,0.0,ID2,0.0088526114550398,HLDRC,0.639004
rs4669320,0.793813,chr2,8645072,8645073,C,A,ZIC4,Decrease,1.2639909982681266e-05,2.7831643819808943e-05,0.0,ID2,0.0088526114550398,HLSRP,0.768619
rs4669320,0.793813,chr2,8645072,8645073,C,A,ZIC4,Decrease,1.2639909982681266e-05,2.7831643819808943e-05,0.0,ID2,0.0088526114550398,IRF,0.205979
rs4669320,0.793813,chr2,8645072,8645073,C,A,ZIC4,Decrease,1.2639909982681266e-05,2.7831643819808943e-05,0.0,ID2,0.0088526114550398,RC,0.67901
rs4669320,0.793813,chr2,8645072,8645073,C,A,ZIC4,Decrease,1.2639909982681266e-05,2.7831643819808943e-05,0.0,ID2,0.0088526114550398,RP,0.793813
rs4669320,0.793813,chr2,8645072,8645073,C,A,ZIC5,Decrease,2.3365020751953145e-05,5.743000656366356e-05,0.370568,ID2,0.0088526114550398,HLDRC,0.639004
rs4669320,0.793813,chr2,8645072,8645073,C,A,ZIC5,Decrease,2.3365020751953145e-05,5.743000656366356e-05,0.370568,ID2,0.0088526114550398,HLSRP,0.768619
rs4669320,0.793813,chr2,8645072,8645073,C,A,ZIC5,Decrease,2.3365020751953145e-05,5.743000656366356e-05,0.370568,ID2,0.0088526114550398,IRF,0.205979
rs4669320,0.793813,chr2,8645072,8645073,C,A,ZIC5,Decrease,2.3365020751953145e-05,5.743000656366356e-05,0.370568,ID2,0.0088526114550398,RC,0.67901
rs4669320,0.793813,chr2,8645072,8645073,C,A,ZIC5,Decrease,2.3365020751953145e-05,5.743000656366356e-05,0.370568,ID2,0.0088526114550398,RP,0.793813
rs4669320,0.793813,chr2,8645072,8645073,C,A,ZNF320,Create,,7.456314961018503e-06,0.930875,ID2,0.0088526114550398,HLDRC,0.639004
rs4669320,0.793813,chr2,8645072,8645073,C,A,ZNF320,Create,,7.456314961018503e-06,0.930875,ID2,0.0088526114550398,HLSRP,0.768619
rs4669320,0.793813,chr2,8645072,8645073,C,A,ZNF320,Create,,7.456314961018503e-06,0.930875,ID2,0.0088526114550398,IRF,0.205979
rs4669320,0.793813,chr2,8645072,8645073,C,A,ZNF320,Create,,7.456314961018503e-06,0.930875,ID2,0.0088526114550398,RC,0.67901
rs4669320,0.793813,chr2,8645072,8645073,C,A,ZNF320,Create,,7.456314961018503e-06,0.930875,ID2,0.0088526114550398,RP,0.793813
rs4669320,0.793813,chr2,8645072,8645073,C,A,ZNF423,Decrease,3.9309263229369995e-05,4.008412361145005e-05,0.0,ID2,0.0088526114550398,HLDRC,0.639004
rs4669320,0.793813,chr2,8645072,8645073,C,A,ZNF423,Decrease,3.9309263229369995e-05,4.008412361145005e-05,0.0,ID2,0.0088526114550398,HLSRP,0.768619
rs4669320,0.793813,chr2,8645072,8645073,C,A,ZNF423,Decrease,3.9309263229369995e-05,4.008412361145005e-05,0.0,ID2,0.0088526114550398,IRF,0.205979
rs4669320,0.793813,chr2,8645072,8645073,C,A,ZNF423,Decrease,3.9309263229369995e-05,4.008412361145005e-05,0.0,ID2,0.0088526114550398,RC,0.67901
rs4669320,0.793813,chr2,8645072,8645073,C,A,ZNF423,Decrease,3.9309263229369995e-05,4.008412361145005e-05,0.0,ID2,0.0088526114550398,RP,0.793813
rs76402227,0.773832,chr17,78014039,78014040,T,C,ZNF16,Disrupt,3.270989509474013e-05,,0.557459,TNRC6C,0.0610506732650383,HC,0.757022
rs76402227,0.773832,chr17,78014039,78014040,T,C,ZNF16,Disrupt,3.270989509474013e-05,,0.557459,TNRC6C,0.0610506732650383,HP,0.773832
rs76402227,0.773832,chr17,78014039,78014040,T,C,ZNF16,Disrupt,3.270989509474013e-05,,0.557459,TNRC6C,0.0610506732650383,MSCV,0.382589
rs76402227,0.773832,chr17,78014039,78014040,T,C,ZNF16,Disrupt,3.270989509474013e-05,,0.557459,TNRC6C,0.0610506732650383,RBC,0.633086
rs76402227,0.773832,chr17,78014039,78014040,T,C,ZNF707,Disrupt,9.935535490512828e-05,,0.476174,TNRC6C,0.0610506732650383,HC,0.757022
rs76402227,0.773832,chr17,78014039,78014040,T,C,ZNF707,Disrupt,9.935535490512828e-05,,0.476174,TNRC6C,0.0610506732650383,HP,0.773832
rs76402227,0.773832,chr17,78014039,78014040,T,C,ZNF707,Disrupt,9.935535490512828e-05,,0.476174,TNRC6C,0.0610506732650383,MSCV,0.382589
rs76402227,0.773832,chr17,78014039,78014040,T,C,ZNF707,Disrupt,9.935535490512828e-05,,0.476174,TNRC6C,0.0610506732650383,RBC,0.633086
rs28595855,0.762574,chr5,136082635,136082636,A,C,NFKB1,Disrupt,1.8790364265441867e-05,,0.918527,SMAD5,0.015850952683039,HP,0.762574
rs28595855,0.762574,chr5,136082635,136082636,A,C,NFKB2,Disrupt,8.368492126464834e-05,,1.77921,SMAD5,0.015850952683039,HP,0.762574
rs28595855,0.762574,chr5,136082635,136082636,A,C,THRB,Disrupt,8.56053666211667e-05,,0.823729,SMAD5,0.015850952683039,HP,0.762574
rs28595855,0.762574,chr5,136082635,136082636,A,C,ZIC4,Create,,9.827688336372365e-05,0.0,SMAD5,0.015850952683039,HP,0.762574
rs533281866,0.751859,chr1,231422307,231422308,C,G,KLF10,Create,,5.722045898437504e-05,1.54871,EGLN1,0.6902352224625851,HC,0.685542
rs533281866,0.751859,chr1,231422307,231422308,C,G,KLF10,Create,,5.722045898437504e-05,1.54871,EGLN1,0.6902352224625851,HP,0.746244
rs533281866,0.751859,chr1,231422307,231422308,C,G,KLF10,Create,,5.722045898437504e-05,1.54871,EGLN1,0.6902352224625851,RBC,0.751859
rs533281866,0.751859,chr1,231422307,231422308,C,G,KLF7,Create,,6.103515625e-05,0.0116311,EGLN1,0.6902352224625851,HC,0.685542
rs533281866,0.751859,chr1,231422307,231422308,C,G,KLF7,Create,,6.103515625e-05,0.0116311,EGLN1,0.6902352224625851,HP,0.746244
rs533281866,0.751859,chr1,231422307,231422308,C,G,KLF7,Create,,6.103515625e-05,0.0116311,EGLN1,0.6902352224625851,RBC,0.751859
rs533281866,0.751859,chr1,231422307,231422308,C,G,RARA::RXRG,Disrupt,4.327821079641577e-05,,1.41108,EGLN1,0.6902352224625851,HC,0.685542
rs533281866,0.751859,chr1,231422307,231422308,C,G,RARA::RXRG,Disrupt,4.327821079641577e-05,,1.41108,EGLN1,0.6902352224625851,HP,0.746244
rs533281866,0.751859,chr1,231422307,231422308,C,G,RARA::RXRG,Disrupt,4.327821079641577e-05,,1.41108,EGLN1,0.6902352224625851,RBC,0.751859
rs533281866,0.751859,chr1,231422307,231422308,C,G,SP4,Create,,4.5776367187500054e-05,1.77515,EGLN1,0.6902352224625851,HC,0.685542
rs533281866,0.751859,chr1,231422307,231422308,C,G,SP4,Create,,4.5776367187500054e-05,1.77515,EGLN1,0.6902352224625851,HP,0.746244
rs533281866,0.751859,chr1,231422307,231422308,C,G,SP4,Create,,4.5776367187500054e-05,1.77515,EGLN1,0.6902352224625851,RBC,0.751859
rs533281866,0.751859,chr1,231422307,231422308,C,G,TFAP2A,Create,,4.839897155761708e-05,0.00854743,EGLN1,0.6902352224625851,HC,0.685542
rs533281866,0.751859,chr1,231422307,231422308,C,G,TFAP2A,Create,,4.839897155761708e-05,0.00854743,EGLN1,0.6902352224625851,HP,0.746244
rs533281866,0.751859,chr1,231422307,231422308,C,G,TFAP2A,Create,,4.839897155761708e-05,0.00854743,EGLN1,0.6902352224625851,RBC,0.751859
rs533281866,0.751859,chr1,231422307,231422308,C,G,ZBED4,Increase,9.632110595703106e-05,1.0490417480468718e-05,1.83334,EGLN1,0.6902352224625851,HC,0.685542
rs533281866,0.751859,chr1,231422307,231422308,C,G,ZBED4,Increase,9.632110595703106e-05,1.0490417480468718e-05,1.83334,EGLN1,0.6902352224625851,HP,0.746244
rs533281866,0.751859,chr1,231422307,231422308,C,G,ZBED4,Increase,9.632110595703106e-05,1.0490417480468718e-05,1.83334,EGLN1,0.6902352224625851,RBC,0.751859
rs538053479,0.74117,chr19,18419406,18419407,C,A,STAT1,Decrease,7.62939453125e-06,8.392333984374995e-05,2.69336,SSBP4,0.0374050689330863,HLDRC,0.533016
rs538053479,0.74117,chr19,18419406,18419407,C,A,STAT1,Decrease,7.62939453125e-06,8.392333984374995e-05,2.69336,SSBP4,0.0374050689330863,RC,0.74117
rs538053479,0.74117,chr19,18419406,18419407,C,A,STAT1,Decrease,7.62939453125e-06,8.392333984374995e-05,2.69336,SSBP4,0.0374050689330863,RP,0.570337
rs538053479,0.74117,chr19,18419406,18419407,C,A,STAT3,Decrease,1.1444091796875014e-05,3.051757812500004e-05,9.60887,SSBP4,0.0374050689330863,HLDRC,0.533016
rs538053479,0.74117,chr19,18419406,18419407,C,A,STAT3,Decrease,1.1444091796875014e-05,3.051757812500004e-05,9.60887,SSBP4,0.0374050689330863,RC,0.74117
rs538053479,0.74117,chr19,18419406,18419407,C,A,STAT3,Decrease,1.1444091796875014e-05,3.051757812500004e-05,9.60887,SSBP4,0.0374050689330863,RP,0.570337
rs538053479,0.74117,chr19,18419406,18419407,C,A,STAT4,Decrease,1.9073486328125e-06,2.0027160644531192e-05,0.0112237,SSBP4,0.0374050689330863,HLDRC,0.533016
rs538053479,0.74117,chr19,18419406,18419407,C,A,STAT4,Decrease,1.9073486328125e-06,2.0027160644531192e-05,0.0112237,SSBP4,0.0374050689330863,RC,0.74117
rs538053479,0.74117,chr19,18419406,18419407,C,A,STAT4,Decrease,1.9073486328125e-06,2.0027160644531192e-05,0.0112237,SSBP4,0.0374050689330863,RP,0.570337
rs538053479,0.74117,chr19,18419406,18419407,C,A,STAT5B,Disrupt,2.2888183593750027e-05,,15.3503,SSBP4,0.0374050689330863,HLDRC,0.533016
rs538053479,0.74117,chr19,18419406,18419407,C,A,STAT5B,Disrupt,2.2888183593750027e-05,,15.3503,SSBP4,0.0374050689330863,RC,0.74117
rs538053479,0.74117,chr19,18419406,18419407,C,A,STAT5B,Disrupt,2.2888183593750027e-05,,15.3503,SSBP4,0.0374050689330863,RP,0.570337
rs538053479,0.74117,chr19,18419406,18419407,C,A,ZNF189,Disrupt,1.525878906250002e-05,,0.921731,SSBP4,0.0374050689330863,HLDRC,0.533016
rs538053479,0.74117,chr19,18419406,18419407,C,A,ZNF189,Disrupt,1.525878906250002e-05,,0.921731,SSBP4,0.0374050689330863,RC,0.74117
rs538053479,0.74117,chr19,18419406,18419407,C,A,ZNF189,Disrupt,1.525878906250002e-05,,0.921731,SSBP4,0.0374050689330863,RP,0.570337
rs538053479,0.74117,chr19,18419406,18419407,C,A,ZNF341,Disrupt,0.0,,0.267822,SSBP4,0.0374050689330863,HLDRC,0.533016
rs538053479,0.74117,chr19,18419406,18419407,C,A,ZNF341,Disrupt,0.0,,0.267822,SSBP4,0.0374050689330863,RC,0.74117
rs538053479,0.74117,chr19,18419406,18419407,C,A,ZNF341,Disrupt,0.0,,0.267822,SSBP4,0.0374050689330863,RP,0.570337
rs538053479,0.74117,chr19,18419406,18419407,C,A,ZNF708,Create,,9.918212890625004e-05,0.616877,SSBP4,0.0374050689330863,HLDRC,0.533016
rs538053479,0.74117,chr19,18419406,18419407,C,A,ZNF708,Create,,9.918212890625004e-05,0.616877,SSBP4,0.0374050689330863,RC,0.74117
rs538053479,0.74117,chr19,18419406,18419407,C,A,ZNF708,Create,,9.918212890625004e-05,0.616877,SSBP4,0.0374050689330863,RP,0.570337
rs7115200,0.740378,chr11,72041113,72041114,G,T,PAX1,Create,,7.83021096140146e-05,0.00273195,LRTOMT,0.0161187330681693,HLDRC,0.648256
rs7115200,0.740378,chr11,72041113,72041114,G,T,PAX1,Create,,7.83021096140146e-05,0.00273195,LRTOMT,0.0161187330681693,HLSRP,0.540518
rs7115200,0.740378,chr11,72041113,72041114,G,T,PAX1,Create,,7.83021096140146e-05,0.00273195,LRTOMT,0.0161187330681693,MCH,0.650331
rs7115200,0.740378,chr11,72041113,72041114,G,T,PAX1,Create,,7.83021096140146e-05,0.00273195,LRTOMT,0.0161187330681693,MCV,0.740378
rs7115200,0.740378,chr11,72041113,72041114,G,T,PAX1,Create,,7.83021096140146e-05,0.00273195,LRTOMT,0.0161187330681693,RC,0.585001
rs7115200,0.740378,chr11,72041113,72041114,G,T,PAX9,Create,,7.995986379683015e-05,0.218012,LRTOMT,0.0161187330681693,HLDRC,0.648256
rs7115200,0.740378,chr11,72041113,72041114,G,T,PAX9,Create,,7.995986379683015e-05,0.218012,LRTOMT,0.0161187330681693,HLSRP,0.540518
rs7115200,0.740378,chr11,72041113,72041114,G,T,PAX9,Create,,7.995986379683015e-05,0.218012,LRTOMT,0.0161187330681693,MCH,0.650331
rs7115200,0.740378,chr11,72041113,72041114,G,T,PAX9,Create,,7.995986379683015e-05,0.218012,LRTOMT,0.0161187330681693,MCV,0.740378
rs7115200,0.740378,chr11,72041113,72041114,G,T,PAX9,Create,,7.995986379683015e-05,0.218012,LRTOMT,0.0161187330681693,RC,0.585001
rs7115200,0.740378,chr11,72041113,72041114,G,T,ZNF136,Disrupt,4.184897989034647e-05,,0.603676,LRTOMT,0.0161187330681693,HLDRC,0.648256
rs7115200,0.740378,chr11,72041113,72041114,G,T,ZNF136,Disrupt,4.184897989034647e-05,,0.603676,LRTOMT,0.0161187330681693,HLSRP,0.540518
rs7115200,0.740378,chr11,72041113,72041114,G,T,ZNF136,Disrupt,4.184897989034647e-05,,0.603676,LRTOMT,0.0161187330681693,MCH,0.650331
rs7115200,0.740378,chr11,72041113,72041114,G,T,ZNF136,Disrupt,4.184897989034647e-05,,0.603676,LRTOMT,0.0161187330681693,MCV,0.740378
rs7115200,0.740378,chr11,72041113,72041114,G,T,ZNF136,Disrupt,4.184897989034647e-05,,0.603676,LRTOMT,0.0161187330681693,RC,0.585001
rs7115200,0.740378,chr11,72041113,72041114,G,T,ZNF680,Disrupt,2.837181091308589e-05,,1.23389,LRTOMT,0.0161187330681693,HLDRC,0.648256
rs7115200,0.740378,chr11,72041113,72041114,G,T,ZNF680,Disrupt,2.837181091308589e-05,,1.23389,LRTOMT,0.0161187330681693,HLSRP,0.540518
rs7115200,0.740378,chr11,72041113,72041114,G,T,ZNF680,Disrupt,2.837181091308589e-05,,1.23389,LRTOMT,0.0161187330681693,MCH,0.650331
rs7115200,0.740378,chr11,72041113,72041114,G,T,ZNF680,Disrupt,2.837181091308589e-05,,1.23389,LRTOMT,0.0161187330681693,MCV,0.740378
rs7115200,0.740378,chr11,72041113,72041114,G,T,ZNF680,Disrupt,2.837181091308589e-05,,1.23389,LRTOMT,0.0161187330681693,RC,0.585001
rs2278744,0.738742,chr10,69392715,69392716,T,C,NR1D1,Disrupt,5.581229925155633e-05,,0.263448,HK1,0.0271567142435576,HC,0.698887
rs2278744,0.738742,chr10,69392715,69392716,T,C,NR1D1,Disrupt,5.581229925155633e-05,,0.263448,HK1,0.0271567142435576,HP,0.738742
rs2278744,0.738742,chr10,69392715,69392716,T,C,NR5A2,Disrupt,9.918212890625004e-05,,0.0678607,HK1,0.0271567142435576,HC,0.698887
rs2278744,0.738742,chr10,69392715,69392716,T,C,NR5A2,Disrupt,9.918212890625004e-05,,0.0678607,HK1,0.0271567142435576,HP,0.738742
rs77685055,0.72552,chr13,75481465,75481466,A,G,PLAG1,Decrease,2.6736408472061137e-05,5.608424544334386e-05,0.211299,TBC1D4,0.7032302588826137,HC,0.72552
rs77685055,0.72552,chr13,75481465,75481466,A,G,PLAG1,Decrease,2.6736408472061137e-05,5.608424544334386e-05,0.211299,TBC1D4,0.7032302588826137,HLDRC,0.354042
rs77685055,0.72552,chr13,75481465,75481466,A,G,PLAG1,Decrease,2.6736408472061137e-05,5.608424544334386e-05,0.211299,TBC1D4,0.7032302588826137,HLSRP,0.63656
rs77685055,0.72552,chr13,75481465,75481466,A,G,PLAG1,Decrease,2.6736408472061137e-05,5.608424544334386e-05,0.211299,TBC1D4,0.7032302588826137,HP,0.718939
rs77685055,0.72552,chr13,75481465,75481466,A,G,PLAG1,Decrease,2.6736408472061137e-05,5.608424544334386e-05,0.211299,TBC1D4,0.7032302588826137,IRF,0.513956
rs77685055,0.72552,chr13,75481465,75481466,A,G,PLAG1,Decrease,2.6736408472061137e-05,5.608424544334386e-05,0.211299,TBC1D4,0.7032302588826137,MCH,0.0721682
rs77685055,0.72552,chr13,75481465,75481466,A,G,PLAG1,Decrease,2.6736408472061137e-05,5.608424544334386e-05,0.211299,TBC1D4,0.7032302588826137,MCV,0.110207
rs77685055,0.72552,chr13,75481465,75481466,A,G,PLAG1,Decrease,2.6736408472061137e-05,5.608424544334386e-05,0.211299,TBC1D4,0.7032302588826137,MSCV,0.420213
rs77685055,0.72552,chr13,75481465,75481466,A,G,PLAG1,Decrease,2.6736408472061137e-05,5.608424544334386e-05,0.211299,TBC1D4,0.7032302588826137,RBC,0.322012
rs77685055,0.72552,chr13,75481465,75481466,A,G,PLAG1,Decrease,2.6736408472061137e-05,5.608424544334386e-05,0.211299,TBC1D4,0.7032302588826137,RP,0.405357
rs77685055,0.72552,chr13,75481465,75481466,A,G,TFAP2A,Disrupt,2.0980834960937436e-05,,0.00854743,TBC1D4,0.7032302588826137,HC,0.72552
rs77685055,0.72552,chr13,75481465,75481466,A,G,TFAP2A,Disrupt,2.0980834960937436e-05,,0.00854743,TBC1D4,0.7032302588826137,HLDRC,0.354042
rs77685055,0.72552,chr13,75481465,75481466,A,G,TFAP2A,Disrupt,2.0980834960937436e-05,,0.00854743,TBC1D4,0.7032302588826137,HLSRP,0.63656
rs77685055,0.72552,chr13,75481465,75481466,A,G,TFAP2A,Disrupt,2.0980834960937436e-05,,0.00854743,TBC1D4,0.7032302588826137,HP,0.718939
rs77685055,0.72552,chr13,75481465,75481466,A,G,TFAP2A,Disrupt,2.0980834960937436e-05,,0.00854743,TBC1D4,0.7032302588826137,IRF,0.513956
rs77685055,0.72552,chr13,75481465,75481466,A,G,TFAP2A,Disrupt,2.0980834960937436e-05,,0.00854743,TBC1D4,0.7032302588826137,MCH,0.0721682
rs77685055,0.72552,chr13,75481465,75481466,A,G,TFAP2A,Disrupt,2.0980834960937436e-05,,0.00854743,TBC1D4,0.7032302588826137,MCV,0.110207
rs77685055,0.72552,chr13,75481465,75481466,A,G,TFAP2A,Disrupt,2.0980834960937436e-05,,0.00854743,TBC1D4,0.7032302588826137,MSCV,0.420213
rs77685055,0.72552,chr13,75481465,75481466,A,G,TFAP2A,Disrupt,2.0980834960937436e-05,,0.00854743,TBC1D4,0.7032302588826137,RBC,0.322012
rs77685055,0.72552,chr13,75481465,75481466,A,G,TFAP2A,Disrupt,2.0980834960937436e-05,,0.00854743,TBC1D4,0.7032302588826137,RP,0.405357
rs77685055,0.72552,chr13,75481465,75481466,A,G,TFAP2B,Disrupt,9.918212890625016e-05,,0.0,TBC1D4,0.7032302588826137,HC,0.72552
rs77685055,0.72552,chr13,75481465,75481466,A,G,TFAP2B,Disrupt,9.918212890625016e-05,,0.0,TBC1D4,0.7032302588826137,HLDRC,0.354042
rs77685055,0.72552,chr13,75481465,75481466,A,G,TFAP2B,Disrupt,9.918212890625016e-05,,0.0,TBC1D4,0.7032302588826137,HLSRP,0.63656
rs77685055,0.72552,chr13,75481465,75481466,A,G,TFAP2B,Disrupt,9.918212890625016e-05,,0.0,TBC1D4,0.7032302588826137,HP,0.718939
rs77685055,0.72552,chr13,75481465,75481466,A,G,TFAP2B,Disrupt,9.918212890625016e-05,,0.0,TBC1D4,0.7032302588826137,IRF,0.513956
rs77685055,0.72552,chr13,75481465,75481466,A,G,TFAP2B,Disrupt,9.918212890625016e-05,,0.0,TBC1D4,0.7032302588826137,MCH,0.0721682
rs77685055,0.72552,chr13,75481465,75481466,A,G,TFAP2B,Disrupt,9.918212890625016e-05,,0.0,TBC1D4,0.7032302588826137,MCV,0.110207
rs77685055,0.72552,chr13,75481465,75481466,A,G,TFAP2B,Disrupt,9.918212890625016e-05,,0.0,TBC1D4,0.7032302588826137,MSCV,0.420213
rs77685055,0.72552,chr13,75481465,75481466,A,G,TFAP2B,Disrupt,9.918212890625016e-05,,0.0,TBC1D4,0.7032302588826137,RBC,0.322012
rs77685055,0.72552,chr13,75481465,75481466,A,G,TFAP2B,Disrupt,9.918212890625016e-05,,0.0,TBC1D4,0.7032302588826137,RP,0.405357
rs77685055,0.72552,chr13,75481465,75481466,A,G,TFAP2C,Disrupt,5.3405761718750054e-05,,0.00810907,TBC1D4,0.7032302588826137,HC,0.72552
rs77685055,0.72552,chr13,75481465,75481466,A,G,TFAP2C,Disrupt,5.3405761718750054e-05,,0.00810907,TBC1D4,0.7032302588826137,HLDRC,0.354042
rs77685055,0.72552,chr13,75481465,75481466,A,G,TFAP2C,Disrupt,5.3405761718750054e-05,,0.00810907,TBC1D4,0.7032302588826137,HLSRP,0.63656
rs77685055,0.72552,chr13,75481465,75481466,A,G,TFAP2C,Disrupt,5.3405761718750054e-05,,0.00810907,TBC1D4,0.7032302588826137,HP,0.718939
rs77685055,0.72552,chr13,75481465,75481466,A,G,TFAP2C,Disrupt,5.3405761718750054e-05,,0.00810907,TBC1D4,0.7032302588826137,IRF,0.513956
rs77685055,0.72552,chr13,75481465,75481466,A,G,TFAP2C,Disrupt,5.3405761718750054e-05,,0.00810907,TBC1D4,0.7032302588826137,MCH,0.0721682
rs77685055,0.72552,chr13,75481465,75481466,A,G,TFAP2C,Disrupt,5.3405761718750054e-05,,0.00810907,TBC1D4,0.7032302588826137,MCV,0.110207
rs77685055,0.72552,chr13,75481465,75481466,A,G,TFAP2C,Disrupt,5.3405761718750054e-05,,0.00810907,TBC1D4,0.7032302588826137,MSCV,0.420213
rs77685055,0.72552,chr13,75481465,75481466,A,G,TFAP2C,Disrupt,5.3405761718750054e-05,,0.00810907,TBC1D4,0.7032302588826137,RBC,0.322012
rs77685055,0.72552,chr13,75481465,75481466,A,G,TFAP2C,Disrupt,5.3405761718750054e-05,,0.00810907,TBC1D4,0.7032302588826137,RP,0.405357
rs77685055,0.72552,chr13,75481465,75481466,A,G,TFAP2E,Disrupt,8.392333984374995e-05,,0.014532,TBC1D4,0.7032302588826137,HC,0.72552
rs77685055,0.72552,chr13,75481465,75481466,A,G,TFAP2E,Disrupt,8.392333984374995e-05,,0.014532,TBC1D4,0.7032302588826137,HLDRC,0.354042
rs77685055,0.72552,chr13,75481465,75481466,A,G,TFAP2E,Disrupt,8.392333984374995e-05,,0.014532,TBC1D4,0.7032302588826137,HLSRP,0.63656
rs77685055,0.72552,chr13,75481465,75481466,A,G,TFAP2E,Disrupt,8.392333984374995e-05,,0.014532,TBC1D4,0.7032302588826137,HP,0.718939
rs77685055,0.72552,chr13,75481465,75481466,A,G,TFAP2E,Disrupt,8.392333984374995e-05,,0.014532,TBC1D4,0.7032302588826137,IRF,0.513956
rs77685055,0.72552,chr13,75481465,75481466,A,G,TFAP2E,Disrupt,8.392333984374995e-05,,0.014532,TBC1D4,0.7032302588826137,MCH,0.0721682
rs77685055,0.72552,chr13,75481465,75481466,A,G,TFAP2E,Disrupt,8.392333984374995e-05,,0.014532,TBC1D4,0.7032302588826137,MCV,0.110207
rs77685055,0.72552,chr13,75481465,75481466,A,G,TFAP2E,Disrupt,8.392333984374995e-05,,0.014532,TBC1D4,0.7032302588826137,MSCV,0.420213
rs77685055,0.72552,chr13,75481465,75481466,A,G,TFAP2E,Disrupt,8.392333984374995e-05,,0.014532,TBC1D4,0.7032302588826137,RBC,0.322012
rs77685055,0.72552,chr13,75481465,75481466,A,G,TFAP2E,Disrupt,8.392333984374995e-05,,0.014532,TBC1D4,0.7032302588826137,RP,0.405357
rs77685055,0.72552,chr13,75481465,75481466,A,G,ZNF320,Decrease,3.394652867427799e-05,7.694454598095031e-05,0.930875,TBC1D4,0.7032302588826137,HC,0.72552
rs77685055,0.72552,chr13,75481465,75481466,A,G,ZNF320,Decrease,3.394652867427799e-05,7.694454598095031e-05,0.930875,TBC1D4,0.7032302588826137,HLDRC,0.354042
rs77685055,0.72552,chr13,75481465,75481466,A,G,ZNF320,Decrease,3.394652867427799e-05,7.694454598095031e-05,0.930875,TBC1D4,0.7032302588826137,HLSRP,0.63656
rs77685055,0.72552,chr13,75481465,75481466,A,G,ZNF320,Decrease,3.394652867427799e-05,7.694454598095031e-05,0.930875,TBC1D4,0.7032302588826137,HP,0.718939
rs77685055,0.72552,chr13,75481465,75481466,A,G,ZNF320,Decrease,3.394652867427799e-05,7.694454598095031e-05,0.930875,TBC1D4,0.7032302588826137,IRF,0.513956
rs77685055,0.72552,chr13,75481465,75481466,A,G,ZNF320,Decrease,3.394652867427799e-05,7.694454598095031e-05,0.930875,TBC1D4,0.7032302588826137,MCH,0.0721682
rs77685055,0.72552,chr13,75481465,75481466,A,G,ZNF320,Decrease,3.394652867427799e-05,7.694454598095031e-05,0.930875,TBC1D4,0.7032302588826137,MCV,0.110207
rs77685055,0.72552,chr13,75481465,75481466,A,G,ZNF320,Decrease,3.394652867427799e-05,7.694454598095031e-05,0.930875,TBC1D4,0.7032302588826137,MSCV,0.420213
rs77685055,0.72552,chr13,75481465,75481466,A,G,ZNF320,Decrease,3.394652867427799e-05,7.694454598095031e-05,0.930875,TBC1D4,0.7032302588826137,RBC,0.322012
rs77685055,0.72552,chr13,75481465,75481466,A,G,ZNF320,Decrease,3.394652867427799e-05,7.694454598095031e-05,0.930875,TBC1D4,0.7032302588826137,RP,0.405357
rs77685055,0.72552,chr13,75481465,75481466,A,G,ZNF454,Disrupt,6.19752681814135e-05,,0.0,TBC1D4,0.7032302588826137,HC,0.72552
rs77685055,0.72552,chr13,75481465,75481466,A,G,ZNF454,Disrupt,6.19752681814135e-05,,0.0,TBC1D4,0.7032302588826137,HLDRC,0.354042
rs77685055,0.72552,chr13,75481465,75481466,A,G,ZNF454,Disrupt,6.19752681814135e-05,,0.0,TBC1D4,0.7032302588826137,HLSRP,0.63656
rs77685055,0.72552,chr13,75481465,75481466,A,G,ZNF454,Disrupt,6.19752681814135e-05,,0.0,TBC1D4,0.7032302588826137,HP,0.718939
rs77685055,0.72552,chr13,75481465,75481466,A,G,ZNF454,Disrupt,6.19752681814135e-05,,0.0,TBC1D4,0.7032302588826137,IRF,0.513956
rs77685055,0.72552,chr13,75481465,75481466,A,G,ZNF454,Disrupt,6.19752681814135e-05,,0.0,TBC1D4,0.7032302588826137,MCH,0.0721682
rs77685055,0.72552,chr13,75481465,75481466,A,G,ZNF454,Disrupt,6.19752681814135e-05,,0.0,TBC1D4,0.7032302588826137,MCV,0.110207
rs77685055,0.72552,chr13,75481465,75481466,A,G,ZNF454,Disrupt,6.19752681814135e-05,,0.0,TBC1D4,0.7032302588826137,MSCV,0.420213
rs77685055,0.72552,chr13,75481465,75481466,A,G,ZNF454,Disrupt,6.19752681814135e-05,,0.0,TBC1D4,0.7032302588826137,RBC,0.322012
rs77685055,0.72552,chr13,75481465,75481466,A,G,ZNF454,Disrupt,6.19752681814135e-05,,0.0,TBC1D4,0.7032302588826137,RP,0.405357
rs893907,0.708406,chr15,66630556,66630557,G,C,EWSR1-FLI1,Create,,6.709845911245816e-05,,SMAD6,0.0420392724093178,HC,0.708406
rs893907,0.708406,chr15,66630556,66630557,G,C,EWSR1-FLI1,Create,,6.709845911245816e-05,,SMAD6,0.0420392724093178,HP,0.608414
rs893907,0.708406,chr15,66630556,66630557,G,C,EWSR1-FLI1,Create,,6.709845911245816e-05,,SMAD6,0.0420392724093178,RBC,0.173031
rs893907,0.708406,chr15,66630556,66630557,G,C,ZNF684,Create,,9.331107139587394e-05,0.8988,SMAD6,0.0420392724093178,HC,0.708406
rs893907,0.708406,chr15,66630556,66630557,G,C,ZNF684,Create,,9.331107139587394e-05,0.8988,SMAD6,0.0420392724093178,HP,0.608414
rs893907,0.708406,chr15,66630556,66630557,G,C,ZNF684,Create,,9.331107139587394e-05,0.8988,SMAD6,0.0420392724093178,RBC,0.173031
