SNP,Chromosome,Start,End,A1,A2,freq,PIP,PEP,PEP_cs,CS_id,footprint_region
rs188468174,chr1,24965205,24965206,T,C,0.013734,1.0,1.0,1.0,11.0,chr1:24965204-24965215
rs9939914,chr16,89873520,89873521,C,T,0.2515,0.922586,0.9175,0.9175,108.0,chr16:89873503-89873523
rs1991401,chr17,64506316,64506317,G,A,0.3178,0.778705,0.77875,0.89875,169.0,chr17:64506305-64506324
rs897804,chr19,12766149,12766150,C,G,0.39515,0.603418,0.6425,,,chr19:12766134-12766162
rs117369210,chr17,40219243,40219244,A,G,0.055859,0.527745,0.47375,,,chr17:40219243-40219260
rs17215231,chr6,33272091,33272092,T,C,0.07475,0.525597,0.535,,,chr6:33272090-33272103
rs1936951,chr22,19144871,19144872,A,G,0.079915,0.476006,0.39375,,,chr22:19144867-19144879
rs569271764,chr5,154755245,154755246,C,G,0.0293,0.400134,0.40375,,,chr5:154755241-154755261
rs731499,chr20,44210820,44210821,A,G,0.272585,0.397845,0.4,,,chr20:44210818-44210844
rs6731963,chr2,62415167,62415168,C,T,0.299639,0.396008,0.3025,,,chr2:62415147-62415177
rs175102,chr11,61043284,61043285,G,A,0.427294,0.383634,0.34375,,,chr11:61043278-61043298
rs12130298,chr1,117001708,117001709,C,A,0.072198,0.377343,0.31625,,,chr1:117001702-117001722
rs34740122,chr5,146447082,146447083,A,C,0.182497,0.374633,0.36375,,,chr5:146447066-146447089
rs2232646,chr1,26169878,26169879,T,C,0.32055,0.343669,0.32375,,,chr1:26169872-26169883
rs3027250,chr17,8226729,8226730,T,C,0.034243,0.330315,0.2425,,,chr17:8226714-8226735
rs5412,chr17,7280726,7280727,A,G,0.163941,0.330097,0.305,,,chr17:7280714-7280734
rs822733,chr1,228082566,228082567,A,G,0.3417,0.32264,0.24625,,,chr1:228082554-228082568
rs9330298,chr1,153617777,153617778,A,C,0.48885,0.303228,0.2375,,,chr1:153617767-153617793
rs80178743,chr16,57299946,57299947,A,G,0.01545,0.302509,0.26125,,,chr16:57299943-57299966
rs201700765,chr11,57712258,57712259,C,CG,0.2767,0.290685,0.29375,,,chr11:57712253-57712263
rs11656775,chr17,17751004,17751005,A,G,0.324577,0.266223,0.18375,,,chr17:17751002-17751027
rs2302177,chr16,1964977,1964978,G,T,0.46165,0.258233,0.18875,,,chr16:1964963-1964988
rs193041263,chr1,248873942,248873943,T,C,0.002438,0.255958,0.255,,,chr1:248873932-248873952
rs2302176,chr16,1964952,1964953,C,T,0.46175,0.240908,0.205,,,chr16:1964936-1964953
rs4709738,chr6,163667830,163667831,T,C,0.44995,0.216643,0.16375,,,chr6:163667826-163667845
rs11245998,chr11,207461,207462,A,G,0.274715,0.216091,0.1725,,,chr11:207451-207469
rs2236659,chr11,123062472,123062473,G,A,0.049202,0.202061,0.18,0.705,901.0,chr11:123062466-123062495
rs186106725,chr10,87862357,87862358,G,C,0.00297,0.201625,0.1825,,,chr10:87862357-87862377
rs2724373,chr1,207825854,207825855,T,C,0.345368,0.200815,0.23,0.7325,468.0,chr1:207825846-207825864
rs189259512,chr6,89080744,89080745,T,C,0.0056,0.19679,0.1925,,,chr6:89080731-89080745
rs117532831,chr12,111599645,111599646,A,G,0.0926,0.194065,0.18,,,chr12:111599643-111599652
rs6666417,chr1,175155062,175155063,A,T,0.425589,0.192258,0.2125,,,chr1:175155039-175155068
rs75624799,chr3,125141695,125141696,A,G,0.36255,0.187595,0.24625,0.77375,447.0,chr3:125141674-125141699
rs28434657,chr16,3059409,3059410,A,G,0.160025,0.183569,0.165,,,chr16:3059396-3059416
rs28595855,chr5,136082635,136082636,A,C,0.114635,0.175314,0.0875,,,chr5:136082625-136082636
rs351974,chr19,797078,797079,C,A,0.2552,0.17172,0.17625,,,chr19:797064-797082
rs1536057,chr6,108564419,108564420,T,C,0.279322,0.166182,0.13125,,,chr6:108564412-108564441
rs9812711,chr3,149387158,149387159,C,G,0.1411,0.164865,0.0925,,,chr3:149387155-149387174
rs806109,chr1,5992520,5992521,G,A,0.2389,0.158042,0.17,,,chr1:5992517-5992539
rs144505970,chr17,45296088,45296089,C,G,0.00415,0.157852,0.10875,,,chr17:45296083-45296102
rs113326034,chr7,134646870,134646871,T,C,0.00165,0.157382,0.19125,,,chr7:134646867-134646886
rs2281825,chr14,103333976,103333977,C,A,0.11035,0.15549,0.13625,0.705,557.0,chr14:103333971-103333991
rs2277745,chr19,43754924,43754925,T,C,0.2177,0.153641,0.1225,0.72875,527.0,chr19:43754923-43754943
rs72731565,chr14,68814730,68814731,A,G,0.180046,0.153168,0.1175,,,chr14:68814725-68814744
rs11869999,chr17,45312359,45312360,T,A,0.44135,0.153159,0.13125,,,chr17:45312348-45312365
rs1424753,chr11,57712391,57712392,T,C,0.44805,0.153096,0.09375,,,chr11:57712384-57712398
rs1058119,chr17,5419804,5419805,A,C,0.3306,0.150227,0.1675,,,chr17:5419799-5419829
rs2279719,chr15,58933618,58933619,A,G,0.18395,0.147299,0.075,,,chr15:58933601-58933619
rs118108596,chr14,67600243,67600244,C,T,0.00355,0.145085,0.09875,,,chr14:67600233-67600260
5:176738936_CCGCCCCGCCCCCGGGA_C,chr5,177311934,177311935,C,CCGCCCCGCCCCCGGGA,0.04315,0.142283,0.11875,,,chr5:177311930-177311938
rs572982482,chr16,29805680,29805681,G,C,0.02055,0.141402,0.11375,,,chr16:29805679-29805701
rs2270497,chr16,3443494,3443495,G,A,0.45135,0.140576,0.0875,,,chr16:3443489-3443506
rs6738282,chr2,37090313,37090314,C,A,0.3799,0.140358,0.095,,,chr2:37090309-37090329
rs9560001,chr13,111153657,111153658,T,C,0.092909,0.132464,0.1275,,,chr13:111153653-111153663
rs12800883,chr11,518807,518808,C,T,0.129009,0.131186,0.06875,,,chr11:518789-518813
rs322959,chr17,3557862,3557863,T,C,0.355311,0.129551,0.06375,,,chr17:3557854-3557865
rs2070699,chr6,12292538,12292539,T,G,0.4646,0.12781,0.10625,,,chr6:12292513-12292539
rs72794132,chr5,151239431,151239432,T,C,0.166741,0.127158,0.0875,,,chr5:151239423-151239439
rs7603756,chr2,109614274,109614275,A,G,0.2232,0.123896,0.08125,,,chr2:109614268-109614277
rs111537544,chr11,72080604,72080605,A,G,0.00805,0.122189,0.11375,,,chr11:72080595-72080611
rs11667987,chr19,55476503,55476504,C,A,0.144815,0.118941,0.1125,,,chr19:55476498-55476523
rs11600431,chr11,6481405,6481406,C,G,0.1958,0.118671,0.06,,,chr11:6481403-6481418
rs4676411,chr2,240621670,240621671,T,G,0.3804,0.117844,0.12,,,chr2:240621660-240621675
rs1592937,chr5,181187664,181187665,A,G,0.3175,0.11779,0.08,,,chr5:181187652-181187672
rs1923186,chr6,24721355,24721356,T,G,0.345725,0.117731,0.09625,,,chr6:24721345-24721373
rs7249170,chr19,797031,797032,T,C,0.11828,0.115331,0.10625,,,chr19:797029-797041
rs1726746,chr11,74171214,74171215,G,T,0.4764,0.115184,0.03875,,,chr11:74171198-74171227
rs143468964,chr1,29236439,29236440,G,A,0.174021,0.112993,0.13,,,chr1:29236423-29236447
rs35594717,chr13,40666645,40666646,A,G,0.20935,0.112854,0.08875,,,chr13:40666642-40666657
rs17539093,chr6,111483737,111483738,G,A,0.03625,0.112255,0.10125,,,chr6:111483722-111483742
rs141954183,chr13,50082080,50082081,C,T,0.0013,0.111232,0.075,,,chr13:50082065-50082092
rs1790121,chr12,123119944,123119945,G,A,0.28865,0.1096,0.08,,,chr12:123119944-123119973
rs7292074,chr22,38870445,38870446,A,C,0.1887,0.108799,0.09,,,chr22:38870430-38870450
rs382073,chr16,3124317,3124318,T,G,0.3829,0.108781,0.055,,,chr16:3124304-3124326
rs527800870,chr3,56916069,56916070,G,A,0.002652,0.108606,0.125,,,chr3:56916063-56916078
rs8066889,chr17,81683797,81683798,G,T,0.22515,0.108415,0.055,,,chr17:81683773-81683803
rs142467294,chr17,29294130,29294131,A,G,0.01565,0.108296,0.1125,,,chr17:29294130-29294153
rs2974750,chr19,12933729,12933730,C,A,0.36255,0.107991,0.08,,,chr19:12933722-12933752
rs35213536,chr20,64062965,64062966,T,G,0.240422,0.106904,0.0875,,,chr20:64062959-64062978
rs2503701,chr1,2189678,2189679,C,T,0.3941,0.106801,0.08625,,,chr1:2189674-2189683
rs890836,chr5,176537481,176537482,G,A,0.11375,0.106784,0.1075,,,chr5:176537471-176537483
rs936266,chr3,108406766,108406767,T,C,0.2693,0.105478,0.09,,,chr3:108406764-108406793
rs11170676,chr12,53754282,53754283,A,G,0.0452,0.105408,0.09625,,,chr12:53754271-53754290
rs750240960,chr16,89489365,89489366,GCCGCCA,G,0.001776,0.104889,0.105,,,chr16:89489346-89489370
rs1379610,chr12,53287898,53287899,G,A,0.32975,0.10321,0.02875,,,chr12:53287889-53287919
rs522444,chr1,170074762,170074763,G,C,0.3023,0.103011,0.035,,,chr1:170074743-170074767
rs332258,chr15,64095852,64095853,C,G,0.2085,0.101997,0.06375,,,chr15:64095839-64095859
rs699032,chr12,24998192,24998193,C,T,0.18455,0.100859,0.03375,,,chr12:24998165-24998195
rs61544471,chr8,143578374,143578375,G,A,0.0692,0.100346,0.06875,,,chr8:143578370-143578383
